省份,地市,网点名称,地址,电话,网点类型,来源页面,页码
广东省,广州市,建设银行广东省广州空港支行营业室,广州白云国际机场新航站楼主楼一层C8855、C8856场地,暂无,营业厅,https://bank.cngold.org/yhwd/bank_9_20_326_0.html,1
广东省,广州市,建设银行广东省广州空港支行机场路支行,广州市机场路282号,暂无,营业厅,https://bank.cngold.org/yhwd/bank_9_20_326_0.html,1
广东省,广州市,建设银行广东省广州空港支行新机场分理处,广州白云国际机场空港三路边检站综合西楼首层,暂无,营业厅,https://bank.cngold.org/yhwd/bank_9_20_326_0.html,1
广东省,广州市,建设银行广东省广州铁路支行小东园支行,广州市中山一路小东园13号之3首层,暂无,营业厅,https://bank.cngold.org/yhwd/bank_9_20_326_0.html,1
广东省,广州市,建设银行广东省广州铁路支行体育中心支行,广州市体育东路140-148号南方证券大厦首层,暂无,营业厅,https://bank.cngold.org/yhwd/bank_9_20_326_0.html,1
广东省,广州市,建设银行广东省广州铁路支行,广州市达道路61号,暂无,营业厅,https://bank.cngold.org/yhwd/bank_9_20_326_0.html,1
广东省,广州市,建设银行广东省广州中山一路第二分理处,广州市中山一路67号首层,暂无,营业厅,https://bank.cngold.org/yhwd/bank_9_20_326_0.html,1
广东省,广州市,建设银行广东省广州中山一路分理处,广州市中山一路25号首层08铺,暂无,营业厅,https://bank.cngold.org/yhwd/bank_9_20_326_0.html,1
广东省,广州市,建设银行广东省广州中山二路分理处,广州市中山二路35号首层,暂无,营业厅,https://bank.cngold.org/yhwd/bank_9_20_326_0.html,1
广东省,广州市,建设银行广东省广州执信南路支行,广州市执信南路10号首层,暂无,营业厅,https://bank.cngold.org/yhwd/bank_9_20_326_0.html,1
广东省,广州市,建设银行广东省广州文德南支行,广州市沿江中路263号,暂无,营业厅,https://bank.cngold.org/yhwd/bank_9_20_326_0.html,1
广东省,广州市,建设银行广东省广州东山广场分理处,广州市先烈中路63号4房（东山广场首层）,暂无,营业厅,https://bank.cngold.org/yhwd/bank_9_20_326_0.html,1
广东省,广州市,建设银行广东省广州文明路支行,广州市文明路50号,暂无,营业厅,https://bank.cngold.org/yhwd/bank_9_20_326_0.html,1
广东省,广州市,建设银行广东省广州五羊新城支行,广州市寺右新马路81号首层、83号207、208房,暂无,营业厅,https://bank.cngold.org/yhwd/bank_9_20_326_0.html,1
广东省,广州市,建设银行广东省广州署前路支行,广州市署前路33号首层,暂无,营业厅,https://bank.cngold.org/yhwd/bank_9_20_326_0.html,1
广东省,广州市,建设银行广东省广州明月分理处,广州市明月二路明月二巷17号首层,暂无,营业厅,https://bank.cngold.org/yhwd/bank_9_20_326_0_2.html,2
广东省,广州市,建设银行广东省广州恒福路分理处,广州市恒福路238号首层、负一层,暂无,营业厅,https://bank.cngold.org/yhwd/bank_9_20_326_0_2.html,2
广东省,广州市,建设银行广东省广州福今支行,广州市福今路47号,暂无,营业厅,https://bank.cngold.org/yhwd/bank_9_20_326_0_2.html,2
广东省,广州市,建设银行广东省广州较场西路支行,广州市东华西路221号143铺,暂无,营业厅,https://bank.cngold.org/yhwd/bank_9_20_326_0_2.html,2
广东省,广州市,建设银行广东省广州东山支行营业室,广州市东华南路166-168号,暂无,营业厅,https://bank.cngold.org/yhwd/bank_9_20_326_0_2.html,2
广东省,广州市,建设银行广东省广州东风东路分理处,广州市东风东路808号,暂无,营业厅,https://bank.cngold.org/yhwd/bank_9_20_326_0_2.html,2
广东省,广州市,建设银行广东省广州东宝大厦分理处,广州市东风东路769号首层,暂无,营业厅,https://bank.cngold.org/yhwd/bank_9_20_326_0_2.html,2
广东省,广州市,建设银行广东省广州高教大厦支行,广州市东风东路723号高教大厦首层,暂无,营业厅,https://bank.cngold.org/yhwd/bank_9_20_326_0_2.html,2
广东省,广州市,建设银行广东省广州执信路支行,广州市东风东路650、652号,暂无,营业厅,https://bank.cngold.org/yhwd/bank_9_20_326_0_2.html,2
广东省,广州市,建设银行广东省广州黄华支行,广州市东风东路573号首层,暂无,营业厅,https://bank.cngold.org/yhwd/bank_9_20_326_0_2.html,2
广东省,广州市,建设银行广东省广州德政路分理处,广州市德政中路299、301号,暂无,营业厅,https://bank.cngold.org/yhwd/bank_9_20_326_0_2.html,2
广东省,广州市,建设银行广东省广州北较场支行,广州市北较场路20号首层,暂无,营业厅,https://bank.cngold.org/yhwd/bank_9_20_326_0_2.html,2
广东省,广州市,建设银行广东省广州东山支行白云路支行,广州市白云路38号,暂无,营业厅,https://bank.cngold.org/yhwd/bank_9_20_326_0_2.html,2
广东省,广州市,建设银行广东省广州东山支行大沙头三马路支行,大沙头三马路34-36号湖滨苑首层,暂无,营业厅,https://bank.cngold.org/yhwd/bank_9_20_326_0_2.html,2
广东省,广州市,建设银行广东省广州体育中心地铁分理处,广州市体育中心地铁站内,暂无,营业厅,https://bank.cngold.org/yhwd/bank_9_20_326_0_2.html,2
广东省,广州市,建设银行广东省广州体育西路地铁储蓄所,广州市体育西路地铁站内,暂无,营业厅,https://bank.cngold.org/yhwd/bank_9_20_326_0_3.html,3
广东省,广州市,建设银行广东省广州黄沙地铁储蓄所,广州市黄沙地铁站内,暂无,营业厅,https://bank.cngold.org/yhwd/bank_9_20_326_0_3.html,3
广东省,广州市,建设银行广东省广州市二宫地铁储蓄所,广州地铁市二宫站站厅内,暂无,营业厅,https://bank.cngold.org/yhwd/bank_9_20_326_0_3.html,3
广东省,广州市,建设银行广东省广州三元里地铁储蓄所,广州地铁三元里站站厅内,暂无,营业厅,https://bank.cngold.org/yhwd/bank_9_20_326_0_3.html,3
广东省,广州市,建设银行广东省广州海珠广场地铁储蓄所,广州地铁海珠广场站站厅内,暂无,营业厅,https://bank.cngold.org/yhwd/bank_9_20_326_0_3.html,3
广东省,广州市,建设银行广东省广州珠江新城分理处,广州市珠江新城华就路27-29号润德大厦首层,暂无,营业厅,https://bank.cngold.org/yhwd/bank_9_20_326_0_3.html,3
广东省,广州市,建设银行广东省广州烈士陵园地铁分理处,广州市中山三路25-27号地铁站内流行前线B001号商铺,暂无,营业厅,https://bank.cngold.org/yhwd/bank_9_20_326_0_3.html,3
广东省,广州市,建设银行广东省广州应元路支行,广州市应元路76-82号富宏花园首层东边铺位,暂无,营业厅,https://bank.cngold.org/yhwd/bank_9_20_326_0_3.html,3
广东省,广州市,建设银行广东省广州杨箕地铁分理处,广州市杨箕地铁站内,暂无,营业厅,https://bank.cngold.org/yhwd/bank_9_20_326_0_3.html,3
广东省,广州市,建设银行广东省广州沿江西路支行,广州市沿江西路139号首层,暂无,营业厅,https://bank.cngold.org/yhwd/bank_9_20_326_0_3.html,3
广东省,广州市,建设银行广东省广州西门口地铁分理处,广州市西门口地铁站内,暂无,营业厅,https://bank.cngold.org/yhwd/bank_9_20_326_0_3.html,3
广东省,广州市,建设银行广东省广州西朗地铁分理处,广州市西朗地铁站内,暂无,营业厅,https://bank.cngold.org/yhwd/bank_9_20_326_0_3.html,3
广东省,广州市,建设银行广东省广州诗书路分理处,广州市诗书路3、3-1号1-4楼,暂无,营业厅,https://bank.cngold.org/yhwd/bank_9_20_326_0_3.html,3
广东省,广州市,建设银行广东省广州惠福西路支行,广州市起义路175号首层及阁楼、二楼,暂无,营业厅,https://bank.cngold.org/yhwd/bank_9_20_326_0_3.html,3
广东省,广州市,建设银行广东省广州盘福路支行,广州市盘福路55号首层部分及阁楼、59号201房,暂无,营业厅,https://bank.cngold.org/yhwd/bank_9_20_326_0_3.html,3
广东省,广州市,建设银行广东省广州农讲所地铁分理处,广州市农讲所地铁站内,暂无,营业厅,https://bank.cngold.org/yhwd/bank_9_20_326_0_4.html,4
广东省,广州市,建设银行广东省广州解放南路分理处,广州市解放南路39号亿安广场首层,暂无,营业厅,https://bank.cngold.org/yhwd/bank_9_20_326_0_4.html,4
广东省,广州市,建设银行广东省广州吉祥路支行,广州市吉祥路48号首层及阁楼,暂无,营业厅,https://bank.cngold.org/yhwd/bank_9_20_326_0_4.html,4
广东省,广州市,建设银行广东省广州仓边路支行,广州市豪贤路184号首层、二层,暂无,营业厅,https://bank.cngold.org/yhwd/bank_9_20_326_0_4.html,4
广东省,广州市,建设银行广东省广州光大花园分理处,广州市海珠区革新路221、223号商铺,暂无,营业厅,https://bank.cngold.org/yhwd/bank_9_20_326_0_4.html,4
广东省,广州市,建设银行广东省广州公园前地铁分理处,广州市公园前地铁站内,暂无,营业厅,https://bank.cngold.org/yhwd/bank_9_20_326_0_4.html,4
广东省,广州市,建设银行广东省广州小北路支行,广州市法政路60号103房、103房夹层、203房,暂无,营业厅,https://bank.cngold.org/yhwd/bank_9_20_326_0_4.html,4
广东省,广州市,建设银行广东省广州交易广场分理处,广州市东风中路268号广州交易广场首层103铺,暂无,营业厅,https://bank.cngold.org/yhwd/bank_9_20_326_0_4.html,4
广东省,广州市,建设银行广东省广州东站地铁分理处,广州市地铁东站站内DZ-1、DZ-2号铺,暂无,营业厅,https://bank.cngold.org/yhwd/bank_9_20_326_0_4.html,4
广东省,广州市,建设银行广东省广州越秀支行营业室,广州市大德路190号-198号首层、198号二、三楼、200号四楼全层,暂无,营业厅,https://bank.cngold.org/yhwd/bank_9_20_326_0_4.html,4
广东省,广州市,建设银行广东省广州中山六路支行,广州市朝天路81号之3-4首、二层,暂无,营业厅,https://bank.cngold.org/yhwd/bank_9_20_326_0_4.html,4
广东省,广州市,建设银行广东省广州长堤支行,广州市长堤大马路121号,暂无,营业厅,https://bank.cngold.org/yhwd/bank_9_20_326_0_4.html,4
广东省,广州市,建设银行广东省广州地铁支行,广州市北京路372号首层及阁楼,暂无,营业厅,https://bank.cngold.org/yhwd/bank_9_20_326_0_4.html,4
广东省,广州市,建设银行广东省广州羊城支行,广州市北京路295号广州百货大厦东南首、二层部分,暂无,营业厅,https://bank.cngold.org/yhwd/bank_9_20_326_0_4.html,4
广东省,广州市,建设银行广东省广州晓港地铁支行,广州地铁二号线晓港站内,暂无,营业厅,https://bank.cngold.org/yhwd/bank_9_20_326_0_4.html,4
广东省,广州市,建设银行广东省广州员村支行,广州员村二横路2号首层,暂无,营业厅,https://bank.cngold.org/yhwd/bank_9_20_326_0_5.html,5
广东省,广州市,建设银行广东省广州暨南大学分理处,广州市暨南大学羊城苑15幢,暂无,营业厅,https://bank.cngold.org/yhwd/bank_9_20_326_0_5.html,5
广东省,广州市,建设银行广东省广州广东工业大学分理处,广州市五山工业大学内办公楼首层,暂无,营业厅,https://bank.cngold.org/yhwd/bank_9_20_326_0_5.html,5
广东省,广州市,建设银行广东省广州天寿路支行,广州市天寿路21-23号首层,暂无,营业厅,https://bank.cngold.org/yhwd/bank_9_20_326_0_5.html,5
广东省,广州市,建设银行广东省广州天河直街支行,广州市天河直街85号,暂无,营业厅,https://bank.cngold.org/yhwd/bank_9_20_326_0_5.html,5
广东省,广州市,建设银行广东省广州体育东路支行,广州市天河体育东路45号,暂无,营业厅,https://bank.cngold.org/yhwd/bank_9_20_326_0_5.html,5
广东省,广州市,建设银行广东省广州天府路分理处,广州市天河区中山大道东方都会广场首层16—22号,暂无,营业厅,https://bank.cngold.org/yhwd/bank_9_20_326_0_5.html,5
广东省,广州市,建设银行广东省广州天润路分理处,广州市天河区天阳路134-136号首层,暂无,营业厅,https://bank.cngold.org/yhwd/bank_9_20_326_0_5.html,5
广东省,广州市,建设银行广东省广州金海花园支行,广州市天河区天河北路614号,暂无,营业厅,https://bank.cngold.org/yhwd/bank_9_20_326_0_5.html,5
广东省,广州市,建设银行广东省广州华景新城支行,广州市天河区华景新城龙门阁首层,暂无,营业厅,https://bank.cngold.org/yhwd/bank_9_20_326_0_5.html,5
广东省,广州市,建设银行广东省广州五山路分理处,广州市天河区茶山路263号首层,暂无,营业厅,https://bank.cngold.org/yhwd/bank_9_20_326_0_5.html,5
广东省,广州市,建设银行广东省广州龙口路支行,广州市天河路553号龙苑大厦首层,暂无,营业厅,https://bank.cngold.org/yhwd/bank_9_20_326_0_5.html,5
广东省,广州市,建设银行广东省广州大道北支行,广州市天河路47号之二蓝天大厦首层,暂无,营业厅,https://bank.cngold.org/yhwd/bank_9_20_326_0_5.html,5
广东省,广州市,建设银行广东省广州天河城支行,广州市天河路208号天河城广场103A,暂无,营业厅,https://bank.cngold.org/yhwd/bank_9_20_326_0_5.html,5
广东省,广州市,建设银行广东省广州直属支行,广州市天河东路232号,暂无,营业厅,https://bank.cngold.org/yhwd/bank_9_20_326_0_5.html,5
广东省,广州市,建设银行广东省广州天河东路支行,广州市天河东路110号,暂无,营业厅,https://bank.cngold.org/yhwd/bank_9_20_326_0_6.html,6
广东省,广州市,建设银行广东省广州天河高新区支行,广州市天河北路东方之珠花园首层,暂无,营业厅,https://bank.cngold.org/yhwd/bank_9_20_326_0_6.html,6
广东省,广州市,建设银行广东省广州天河支行营业室,广州市体育西路111号,暂无,营业厅,https://bank.cngold.org/yhwd/bank_9_20_326_0_6.html,6
广东省,广州市,建设银行广东省广州石牌支行,广州市石牌暨南大学西门西侧,暂无,营业厅,https://bank.cngold.org/yhwd/bank_9_20_326_0_6.html,6
广东省,广州市,建设银行广东省广州沙太支行,广州市沙太路71号,暂无,营业厅,https://bank.cngold.org/yhwd/bank_9_20_326_0_6.html,6
广东省,广州市,建设银行广东省广州沙河分理处,广州市沙河濂泉路7号,暂无,营业厅,https://bank.cngold.org/yhwd/bank_9_20_326_0_6.html,6
广东省,广州市,建设银行广东省广州东站支行,广州市林和东路149号,暂无,营业厅,https://bank.cngold.org/yhwd/bank_9_20_326_0_6.html,6
广东省,广州市,建设银行广东省广州华南师范大学分理处,广州市华南师范大学校园,暂无,营业厅,https://bank.cngold.org/yhwd/bank_9_20_326_0_6.html,6
广东省,广州市,建设银行广东省广州华南农业大学分理处,广州市华南农业大学住宅区40号,暂无,营业厅,https://bank.cngold.org/yhwd/bank_9_20_326_0_6.html,6
广东省,广州市,建设银行广东省广州沙河支行,广州市广州大道北水荫四横路106号,暂无,营业厅,https://bank.cngold.org/yhwd/bank_9_20_326_0_6.html,6
广东省,广州市,建设银行广东省广州荔湾支行营业室,广州市中山七路304号之一,暂无,营业厅,https://bank.cngold.org/yhwd/bank_9_20_326_0_6.html,6
广东省,广州市,建设银行广东省广州石路基支行,广州市中山八路周门街12号首、二层,暂无,营业厅,https://bank.cngold.org/yhwd/bank_9_20_326_0_6.html,6
广东省,广州市,建设银行广东省广州中山八路分理处,广州市中山八路21-27号富力商贸中心大厦首层,暂无,营业厅,https://bank.cngold.org/yhwd/bank_9_20_326_0_6.html,6
广东省,广州市,建设银行广东省广州站前路支行,广州市站前路142号一至三层,暂无,营业厅,https://bank.cngold.org/yhwd/bank_9_20_326_0_6.html,6
广东省,广州市,建设银行广东省广州流花支行,广州市站前横路57号综合楼一、二层,暂无,营业厅,https://bank.cngold.org/yhwd/bank_9_20_326_0_6.html,6
广东省,广州市,建设银行广东省广州琶洲分理处,广州市阅江中路380号珠江散步道22号馆（D）1号柜台,暂无,营业厅,https://bank.cngold.org/yhwd/bank_9_20_326_0_7.html,7
广东省,广州市,建设银行广东省广州杉木栏分理处,广州市杉木栏路151号首层,暂无,营业厅,https://bank.cngold.org/yhwd/bank_9_20_326_0_7.html,7
广东省,广州市,建设银行广东省广州人民中路支行,广州市人民中路555号美国银行中心大楼101－104号铺,暂无,营业厅,https://bank.cngold.org/yhwd/bank_9_20_326_0_7.html,7
广东省,广州市,建设银行广东省广州西华路支行,广州市人民北路829-831号环球广场首层,暂无,营业厅,https://bank.cngold.org/yhwd/bank_9_20_326_0_7.html,7
广东省,广州市,建设银行广东省广州城启分理处,广州市南岸路63号城启大厦首层4号、七搂709房,暂无,营业厅,https://bank.cngold.org/yhwd/bank_9_20_326_0_7.html,7
广东省,广州市,建设银行广东省广州龙津分理处,广州市龙津西路29号首层,暂无,营业厅,https://bank.cngold.org/yhwd/bank_9_20_326_0_7.html,7
广东省,广州市,建设银行广东省广州西村支行,广州市荔湾区环市西路35号之23、39、40号,暂无,营业厅,https://bank.cngold.org/yhwd/bank_9_20_326_0_7.html,7
广东省,广州市,建设银行广东省广州长寿西路分理处,广州市荔湾区长寿西路74-78号首层,暂无,营业厅,https://bank.cngold.org/yhwd/bank_9_20_326_0_7.html,7
广东省,广州市,建设银行广东省广州荔湾路分理处,广州市荔湾路58号首层,暂无,营业厅,https://bank.cngold.org/yhwd/bank_9_20_326_0_7.html,7
广东省,广州市,建设银行广东省广州西城支行,广州市东风西路191号103、203、303,暂无,营业厅,https://bank.cngold.org/yhwd/bank_9_20_326_0_7.html,7
广东省,广州市,建设银行广东省广州康王路分理处,广州市东风西路140号东方金融大厦首层,暂无,营业厅,https://bank.cngold.org/yhwd/bank_9_20_326_0_7.html,7
广东省,广州市,建设银行广东省广州荔湾广场分理处,广州市德星路9号荔湾广场首层FA27-31，87，88,暂无,营业厅,https://bank.cngold.org/yhwd/bank_9_20_326_0_7.html,7
广东省,广州市,建设银行广东省广州环市东路支行,广州市越秀区水荫路二号华信大厦西座首层102号及02单元部分,暂无,营业厅,https://bank.cngold.org/yhwd/bank_9_20_326_0_7.html,7
广东省,广州市,建设银行广东省广州广花三路分理处,广州市远景路14号,暂无,营业厅,https://bank.cngold.org/yhwd/bank_9_20_326_0_7.html,7
广东省,广州市,建设银行广东省广州永福支行,广州市先烈中路89号首、二层,暂无,营业厅,https://bank.cngold.org/yhwd/bank_9_20_326_0_7.html,7
广东省,广州市,建设银行广东省广州先烈东路支行,广州市先烈东路216号（含夹层）,暂无,营业厅,https://bank.cngold.org/yhwd/bank_9_20_326_0_8.html,8
广东省,广州市,建设银行广东省广州帝景大厦支行,广州市淘金路36-38号103房、202房,暂无,营业厅,https://bank.cngold.org/yhwd/bank_9_20_326_0_8.html,8
广东省,广州市,建设银行广东省广州淘金家园支行,广州市淘金东路69号首层,暂无,营业厅,https://bank.cngold.org/yhwd/bank_9_20_326_0_8.html,8
广东省,广州市,建设银行广东省广州水荫路分理处,广州市水荫路36号,暂无,营业厅,https://bank.cngold.org/yhwd/bank_9_20_326_0_8.html,8
广东省,广州市,建设银行广东省广州人和支行,广州市人和镇广州冷机股份有限公司旁四层楼房首层,暂无,营业厅,https://bank.cngold.org/yhwd/bank_9_20_326_0_8.html,8
广东省,广州市,建设银行广东省广州登峰支行,广州市麓景路5号,暂无,营业厅,https://bank.cngold.org/yhwd/bank_9_20_326_0_8.html,8
广东省,广州市,建设银行广东省广州梓元岗支行,广州市解放北路1319号,暂无,营业厅,https://bank.cngold.org/yhwd/bank_9_20_326_0_8.html,8
广东省,广州市,建设银行广东省广州江高支行,广州市江高镇金沙住宅区二号楼首层,暂无,营业厅,https://bank.cngold.org/yhwd/bank_9_20_326_0_8.html,8
广东省,广州市,建设银行广东省广州新市支行,广州市机场路1320号,暂无,营业厅,https://bank.cngold.org/yhwd/bank_9_20_326_0_8.html,8
广东省,广州市,建设银行广东省广州黄石路支行,广州市黄石东路281号,暂无,营业厅,https://bank.cngold.org/yhwd/bank_9_20_326_0_8.html,8
广东省,广州市,建设银行广东省广州区庄分理处,广州市环市东路420号华山招待所一楼大堂东侧,暂无,营业厅,https://bank.cngold.org/yhwd/bank_9_20_326_0_8.html,8
广东省,广州市,建设银行广东省广州东环支行,广州市环市东路336号,暂无,营业厅,https://bank.cngold.org/yhwd/bank_9_20_326_0_8.html,8
广东省,广州市,建设银行广东省广州同和分理处,广州市广州大道北京溪路97号首层21、22、23、24、25号铺,暂无,营业厅,https://bank.cngold.org/yhwd/bank_9_20_326_0_8.html,8
广东省,广州市,建设银行广东省广州云苑新村支行,广州市广园中路云苑新村云苑二街2号,暂无,营业厅,https://bank.cngold.org/yhwd/bank_9_20_326_0_8.html,8
广东省,广州市,建设银行广东省广州白云支行营业室,广州市广园中路217号,暂无,营业厅,https://bank.cngold.org/yhwd/bank_9_20_326_0_8.html,8
广东省,广州市,建设银行广东省广州广园西路支行,广州市广园西路13号,暂无,营业厅,https://bank.cngold.org/yhwd/bank_9_20_326_0_9.html,9
广东省,广州市,建设银行广东省广州广园东分理处,广州市广园东路1949号沙东综合楼首层东侧,暂无,营业厅,https://bank.cngold.org/yhwd/bank_9_20_326_0_9.html,9
广东省,广州市,建设银行广东省广州罗冲围分理处,广州市白云区增槎路富力半岛花园E3、E4栋首层3号、4号,暂无,营业厅,https://bank.cngold.org/yhwd/bank_9_20_326_0_9.html,9
广东省,广州市,建设银行广东省广州汇侨分理处,广州市白云区新市镇汇侨路2号,暂无,营业厅,https://bank.cngold.org/yhwd/bank_9_20_326_0_9.html,9
广东省,广州市,建设银行广东省广州石井分理处,广州市白云区石井镇石安路261-269号,暂无,营业厅,https://bank.cngold.org/yhwd/bank_9_20_326_0_9.html,9
广东省,广州市,建设银行广东省广州鹭江支行,广州市新港西路231号,暂无,营业厅,https://bank.cngold.org/yhwd/bank_9_20_326_0_9.html,9
广东省,广州市,建设银行广东省广州新港路支行,广州市新港西路143号之一,暂无,营业厅,https://bank.cngold.org/yhwd/bank_9_20_326_0_9.html,9
广东省,广州市,建设银行广东省广州滨江东路分理处,广州市上渡路50-54号金豪嘉苑首层,暂无,营业厅,https://bank.cngold.org/yhwd/bank_9_20_326_0_9.html,9
广东省,广州市,建设银行广东省广州万松园支行,广州市前进路140号,暂无,营业厅,https://bank.cngold.org/yhwd/bank_9_20_326_0_9.html,9
广东省,广州市,建设银行广东省广州菩提园分理处,广州市荔福路西华街24号,暂无,营业厅,https://bank.cngold.org/yhwd/bank_9_20_326_0_9.html,9
广东省,广州市,建设银行广东省广州江燕分理处,广州市江燕路海富花园60号商铺,暂无,营业厅,https://bank.cngold.org/yhwd/bank_9_20_326_0_9.html,9
广东省,广州市,建设银行广东省广州江南大道中支行,广州市江南大道中66号,暂无,营业厅,https://bank.cngold.org/yhwd/bank_9_20_326_0_9.html,9
广东省,广州市,建设银行广东省广州江南大道分理处,广州市江南大道中171号,暂无,营业厅,https://bank.cngold.org/yhwd/bank_9_20_326_0_9.html,9
广东省,广州市,建设银行广东省广州逸景分理处,广州市华盛路201、203、205号,暂无,营业厅,https://bank.cngold.org/yhwd/bank_9_20_326_0_9.html,9
广东省,广州市,建设银行广东省广州赤岗支行,广州市海珠区新港中路382号首、二层,暂无,营业厅,https://bank.cngold.org/yhwd/bank_9_20_326_0_9.html,9
广东省,广州市,建设银行广东省广州细岗路分理处,广州市海珠区细岗路44、46、48号,暂无,营业厅,https://bank.cngold.org/yhwd/bank_9_20_326_0_10.html,10
广东省,广州市,建设银行广东省广州晓港湾分理处,广州市海珠区南洲北路丽华街50号,暂无,营业厅,https://bank.cngold.org/yhwd/bank_9_20_326_0_10.html,10
广东省,广州市,建设银行广东省广州江南新村支行,广州市海珠区江南西路35号,暂无,营业厅,https://bank.cngold.org/yhwd/bank_9_20_326_0_10.html,10
广东省,广州市,建设银行广东省广州金广纸分理处,广州市海珠区广纸路23号,暂无,营业厅,https://bank.cngold.org/yhwd/bank_9_20_326_0_10.html,10
广东省,广州市,建设银行广东省广州芭堤水岸分理处,广州市海珠区滨江东路938、940、942号,暂无,营业厅,https://bank.cngold.org/yhwd/bank_9_20_326_0_10.html,10
广东省,广州市,建设银行广东省广州海琴湾分理处,广州市海珠区滨江东路541、543号,暂无,营业厅,https://bank.cngold.org/yhwd/bank_9_20_326_0_10.html,10
广东省,广州市,建设银行广东省广州尚海分理处,广州市海珠区滨江东路148、150号,暂无,营业厅,https://bank.cngold.org/yhwd/bank_9_20_326_0_10.html,10
广东省,广州市,建设银行广东省广州宝业路分理处,广州市海珠区宝业路10号首层,暂无,营业厅,https://bank.cngold.org/yhwd/bank_9_20_326_0_10.html,10
广东省,广州市,建设银行广东省广州海珠支行营业室,广州市海珠区宝岗大道157号首层至三层,暂无,营业厅,https://bank.cngold.org/yhwd/bank_9_20_326_0_10.html,10
广东省,广州市,建设银行广东省广州石溪支行,广州市工业大道中373号之一,暂无,营业厅,https://bank.cngold.org/yhwd/bank_9_20_326_0_10.html,10
广东省,广州市,建设银行广东省广州工业大道支行,广州市工业大道北83号之九号至之十三号首层铺,暂无,营业厅,https://bank.cngold.org/yhwd/bank_9_20_326_0_10.html,10
广东省,广州市,建设银行广东省广州仲恺支行,广州市纺织路东沙街24号之二十一首层,暂无,营业厅,https://bank.cngold.org/yhwd/bank_9_20_326_0_10.html,10
广东省,广州市,建设银行广东省广州晓港分理处,广州市东晓南路晓南花园6号首层,暂无,营业厅,https://bank.cngold.org/yhwd/bank_9_20_326_0_10.html,10
广东省,广州市,建设银行广东省广州昌岗路支行,广州市昌岗中路197号,暂无,营业厅,https://bank.cngold.org/yhwd/bank_9_20_326_0_10.html,10
广东省,广州市,建设银行广东省广州艺苑路分理处,广州市海珠区艺苑路东庆街3、4号首层,暂无,营业厅,https://bank.cngold.org/yhwd/bank_9_20_326_0_10.html,10
广东省,广州市,建设银行广东省广州国际轻纺城分理处,广州市海珠区金纺路2号广州国际轻纺城D2001-2003、D2005-2009、D2031-2033、D2035,暂无,营业厅,https://bank.cngold.org/yhwd/bank_9_20_326_0_11.html,11
广东省,广州市,建设银行广东省广州江湾路分理处,广州市海珠区江湾路142、144号,暂无,营业厅,https://bank.cngold.org/yhwd/bank_9_20_326_0_11.html,11
广东省,广州市,建设银行广东省广州百花支行,广州市芳村区永乐路23号之101、102、103、156、157、158、159号铺,暂无,营业厅,https://bank.cngold.org/yhwd/bank_9_20_326_0_11.html,11
广东省,广州市,建设银行广东省广州芳村支行营业室,广州市芳村区花蕾路2-6号首、二层,暂无,营业厅,https://bank.cngold.org/yhwd/bank_9_20_326_0_11.html,11
广东省,广州市,建设银行广东省广州鹤园分理处,广州市芳村区鹤洞路鹤园中一巷1号之一首层,暂无,营业厅,https://bank.cngold.org/yhwd/bank_9_20_326_0_11.html,11
广东省,广州市,建设银行广东省广州芳村大道分理处,广州市芳村大道中242号首层,暂无,营业厅,https://bank.cngold.org/yhwd/bank_9_20_326_0_11.html,11
广东省,广州市,建设银行广东省广州桥东支行,广州市芳村大道西115号,暂无,营业厅,https://bank.cngold.org/yhwd/bank_9_20_326_0_11.html,11
广东省,广州市,建设银行广东省广州鹤洞支行,广州市芳村大道东93号,暂无,营业厅,https://bank.cngold.org/yhwd/bank_9_20_326_0_11.html,11
广东省,广州市,建设银行广东省广州怡港花园储蓄所,广州市黄埔区黄埔东路168号首层,暂无,营业厅,https://bank.cngold.org/yhwd/bank_9_20_326_0_11.html,11
广东省,广州市,建设银行广东省广州新城海滨花园分理处,广州市天河区珠江新城海月路407号首层,暂无,营业厅,https://bank.cngold.org/yhwd/bank_9_20_326_0_11.html,11
广东省,广州市,建设银行广东省广州工业园支行,广州市天河区中山大道科韵路16号广州信息港C栋首层东向,暂无,营业厅,https://bank.cngold.org/yhwd/bank_9_20_326_0_11.html,11
广东省,广州市,建设银行广东省广州骏景花园分理处,广州市天河区中山大道骏景花园骏景路124号、125号,暂无,营业厅,https://bank.cngold.org/yhwd/bank_9_20_326_0_11.html,11
广东省,广州市,建设银行广东省广州羊城花园分理处,广州市天河区中山大道366号广东省武警总队综合楼,暂无,营业厅,https://bank.cngold.org/yhwd/bank_9_20_326_0_11.html,11
广东省,广州市,建设银行广东省广州东圃支行,广州市天河区中山大道1号,暂无,营业厅,https://bank.cngold.org/yhwd/bank_9_20_326_0_11.html,11
广东省,广州市,建设银行广东省广州员村分理处,广州市天河区员村西街1号大院1号102铺,暂无,营业厅,https://bank.cngold.org/yhwd/bank_9_20_326_0_11.html,11
广东省,广州市,建设银行广东省广州林和中路支行,广州市天河区林和中路156号103、203号,暂无,营业厅,https://bank.cngold.org/yhwd/bank_9_20_326_0_12.html,12
广东省,广州市,建设银行广东省广州石化支行,广州市黄埔区文冲石化路石化生活区64栋首层,暂无,营业厅,https://bank.cngold.org/yhwd/bank_9_20_326_0_12.html,12
广东省,广州市,建设银行广东省广州黄埔支行,广州市黄埔区黄埔港湾路439号,暂无,营业厅,https://bank.cngold.org/yhwd/bank_9_20_326_0_12.html,12
广东省,广州市,建设银行广东省广州南岗支行,广州市黄埔区黄埔东路3521、3523号首层,暂无,营业厅,https://bank.cngold.org/yhwd/bank_9_20_326_0_12.html,12
广东省,广州市,建设银行广东省广州丰乐中路分理处,广州市黄埔区丰乐中路146、148、150号首层,暂无,营业厅,https://bank.cngold.org/yhwd/bank_9_20_326_0_12.html,12
广东省,广州市,建设银行广东省广州建设路支行,广州市东山区建设六马路33号109、226、227房,暂无,营业厅,https://bank.cngold.org/yhwd/bank_9_20_326_0_12.html,12
广东省,广州市,建设银行广东省广州经济技术开发区支行营业室,广州经济技术开发区志诚大道302号融汇大厦,暂无,营业厅,https://bank.cngold.org/yhwd/bank_9_20_326_0_12.html,12
广东省,广州市,建设银行广东省广州番禺支行营业室,广州市番禺市桥镇繁华路41号,暂无,营业厅,https://bank.cngold.org/yhwd/bank_9_20_326_0_12.html,12
广东省,广州市,建设银行广东省广州番禺东区分理处,广州市番禺市桥平康路330号,暂无,营业厅,https://bank.cngold.org/yhwd/bank_9_20_326_0_12.html,12
广东省,广州市,建设银行广东省广州番禺东兴分理处,广州市番禺市桥街东兴路20号,暂无,营业厅,https://bank.cngold.org/yhwd/bank_9_20_326_0_12.html,12
广东省,广州市,建设银行广东省广州番禺钟村支行,广州市番禺区钟村镇锦绣花园北区10座34、35、36、37、38号,暂无,营业厅,https://bank.cngold.org/yhwd/bank_9_20_326_0_12.html,12
广东省,广州市,建设银行广东省广州番禺东方分理处,广州市番禺区市桥镇兴泰路兴泰大街18号东方花园又一居一号楼12-13号,暂无,营业厅,https://bank.cngold.org/yhwd/bank_9_20_326_0_12.html,12
广东省,广州市,建设银行广东省广州番禺西城支行,广州市番禺区市桥镇西丽南路134、136号,暂无,营业厅,https://bank.cngold.org/yhwd/bank_9_20_326_0_12.html,12
广东省,广州市,建设银行广东省广州番禺万丰分理处,广州市番禺区市桥镇万丰路125号,暂无,营业厅,https://bank.cngold.org/yhwd/bank_9_20_326_0_12.html,12
广东省,广州市,建设银行广东省广州番禺市桥支行,广州市番禺区市桥东涌路66号,暂无,营业厅,https://bank.cngold.org/yhwd/bank_9_20_326_0_12.html,12
广东省,广州市,建设银行广东省广州番禺支行亚运城支行,广州市番禺区石楼镇绿怡居11、12号首层,暂无,营业厅,https://bank.cngold.org/yhwd/bank_9_20_326_0_13.html,13
广东省,广州市,建设银行广东省广州番禺东怡分理处,广州市番禺区石基镇清河东路石岗西村段20、22、24号,暂无,营业厅,https://bank.cngold.org/yhwd/bank_9_20_326_0_13.html,13
广东省,广州市,建设银行广东省广州番禺石基支行,广州市番禺区石基镇荔新大道30、32号,暂无,营业厅,https://bank.cngold.org/yhwd/bank_9_20_326_0_13.html,13
广东省,广州市,建设银行广东省广州番禺沙湾支行,广州市番禺区沙湾镇中华大道216-228号,暂无,营业厅,https://bank.cngold.org/yhwd/bank_9_20_326_0_13.html,13
广东省,广州市,建设银行广东省广州番禺支行广场分理处,广州市番禺区清河东路288号二层1号铺,暂无,营业厅,https://bank.cngold.org/yhwd/bank_9_20_326_0_13.html,13
广东省,广州市,建设银行广东省广州番禺海伦堡支行,广州市番禺区桥南街南华路136号,暂无,营业厅,https://bank.cngold.org/yhwd/bank_9_20_326_0_13.html,13
广东省,广州市,建设银行广东省广州番禺南村支行,广州市番禺区南村镇华南碧桂园翠云山苑20座55－60(G27－8S型)铺,暂无,营业厅,https://bank.cngold.org/yhwd/bank_9_20_326_0_13.html,13
广东省,广州市,建设银行广东省广州番禺锦绣香江分理处,广州市番禺区锦绣香江花园紫荆雅园CD栋商业大厦首层花园入口处A1区,暂无,营业厅,https://bank.cngold.org/yhwd/bank_9_20_326_0_13.html,13
广东省,广州市,建设银行广东省广州番禺大学城分理处,广州市番禺区广州大学城综合商业服务区（北区）自编N3-101号,暂无,营业厅,https://bank.cngold.org/yhwd/bank_9_20_326_0_13.html,13
广东省,广州市,建设银行广东省广州番禺东涌分理处,广州市番禺区东涌镇东涌村市南公路南侧南174号,暂无,营业厅,https://bank.cngold.org/yhwd/bank_9_20_326_0_13.html,13
广东省,广州市,建设银行广东省广州番禺支行丽江支行,广州市番禺区大石镇南浦岛丽江花园丽荃楼首层商铺121A、12-1B1、3号,暂无,营业厅,https://bank.cngold.org/yhwd/bank_9_20_326_0_13.html,13
广东省,广州市,建设银行广东省广州番禺洛溪分理处,广州市番禺区大石镇洛溪新城吉祥道1、3号,暂无,营业厅,https://bank.cngold.org/yhwd/bank_9_20_326_0_13.html,13
广东省,广州市,建设银行广东省广州番禺德兴分理处,广州市番禺区大石海珠路沙溪日用工业品商业城C1-C4，C14-C17号,暂无,营业厅,https://bank.cngold.org/yhwd/bank_9_20_326_0_13.html,13
广东省,广州市,建设银行广东省广州番禺大岗分理处,广州市番禺区大岗镇兴业路14号,暂无,营业厅,https://bank.cngold.org/yhwd/bank_9_20_326_0_13.html,13
广东省,广州市,建设银行广东省广州番禺大石支行,广州市番禺大石镇105国道大石路段322号,暂无,营业厅,https://bank.cngold.org/yhwd/bank_9_20_326_0_13.html,13
广东省,广州市,建设银行广东省广州番禺富华分理处,广州番禺区市桥街富华中路35、37、39、41、43号,暂无,营业厅,https://bank.cngold.org/yhwd/bank_9_20_326_0_14.html,14
广东省,广州市,建设银行广东省广州番禺祈福支行,广州番禺祈福新村独家俱乐部康体中心一楼17、18号铺,暂无,营业厅,https://bank.cngold.org/yhwd/bank_9_20_326_0_14.html,14
广东省,广州市,建设银行广东省广州番禺新浦储蓄所,广州市番禺区大石镇洛溪新城新浦路三幢8-9号,020-84509053,营业厅,https://bank.cngold.org/yhwd/bank_9_20_326_0_14.html,14
广东省,广州市,建设银行广东省广州番禺新城储蓄所,广州市番禺区大石镇朝阳东路26、28号,020-84787269,营业厅,https://bank.cngold.org/yhwd/bank_9_20_326_0_14.html,14
广东省,广州市,建设银行广东省广州花都华城分理处,广州市花都区新华镇云山大道35号,暂无,营业厅,https://bank.cngold.org/yhwd/bank_9_20_326_0_14.html,14
广东省,广州市,建设银行广东省广州花都友和支行,广州市花都区新华镇秀全大道37号首层,暂无,营业厅,https://bank.cngold.org/yhwd/bank_9_20_326_0_14.html,14
广东省,广州市,建设银行广东省广州花都新华支行,广州市花都区新华镇新华路79号,暂无,营业厅,https://bank.cngold.org/yhwd/bank_9_20_326_0_14.html,14
广东省,广州市,建设银行广东省广州花都支行营业室,广州市花都区新华镇新华路68号,暂无,营业厅,https://bank.cngold.org/yhwd/bank_9_20_326_0_14.html,14
广东省,广州市,建设银行广东省广州花都凤华支行,广州市花都区新华镇建设北路88号,暂无,营业厅,https://bank.cngold.org/yhwd/bank_9_20_326_0_14.html,14
广东省,广州市,建设银行广东省广州花都人民公园分理处,广州市花都区新华镇公益大道43号,暂无,营业厅,https://bank.cngold.org/yhwd/bank_9_20_326_0_14.html,14
广东省,广州市,建设银行广东省广州花都雅居乐分理处,广州市花都区新华镇凤凰北路32号Y12栋110、111、112、113、115、116号商铺,暂无,营业厅,https://bank.cngold.org/yhwd/bank_9_20_326_0_14.html,14
广东省,广州市,建设银行广东省广州花都时代美居支行,广州市花都区新华街宝华路30号,暂无,营业厅,https://bank.cngold.org/yhwd/bank_9_20_326_0_14.html,14
广东省,广州市,建设银行广东省广州花都炭步分理处,广州市花都区炭步镇南街路82号,暂无,营业厅,https://bank.cngold.org/yhwd/bank_9_20_326_0_14.html,14
广东省,广州市,建设银行广东省广州花都狮岭分理处,广州市花都区狮岭镇杨赤线与团结路交汇处综合楼首层A-E轴(1-6轴号)商铺,暂无,营业厅,https://bank.cngold.org/yhwd/bank_9_20_326_0_14.html,14
广东省,广州市,建设银行广东省广州花都建华分理处,广州市花都区商业大道22号,暂无,营业厅,https://bank.cngold.org/yhwd/bank_9_20_326_0_14.html,14
广东省,广州市,建设银行广东省广州花都花山分理处,广州市花都区花山镇两龙南街24号一至三层,暂无,营业厅,https://bank.cngold.org/yhwd/bank_9_20_326_0_15.html,15
广东省,广州市,建设银行广东省广州花都花东分理处,广州市花都区花东镇定溪路1号,暂无,营业厅,https://bank.cngold.org/yhwd/bank_9_20_326_0_15.html,15
广东省,广州市,建设银行广东省广州花都公益大道分理处,广州市花都区公益大道1号骏威广场商业大厦首层,暂无,营业厅,https://bank.cngold.org/yhwd/bank_9_20_326_0_15.html,15
广东省,广州市,建设银行广东省广州花都风神大道分理处,广州市花都区风神大道10号风神商业楼B栋首层08、09号铺,暂无,营业厅,https://bank.cngold.org/yhwd/bank_9_20_326_0_15.html,15
广东省,广州市,建设银行广东省增城镇龙分理处,增城市镇龙镇新灵路5号,暂无,营业厅,https://bank.cngold.org/yhwd/bank_9_20_326_0_15.html,15
广东省,广州市,建设银行广东省增城新文路支行,增城市新塘镇新文路33号首、2-3层,暂无,营业厅,https://bank.cngold.org/yhwd/bank_9_20_326_0_15.html,15
广东省,广州市,建设银行广东省增城仙村支行,增城市新塘镇仙村建设东街5号首、二层,暂无,营业厅,https://bank.cngold.org/yhwd/bank_9_20_326_0_15.html,15
广东省,广州市,建设银行广东省增城新塘三横路分理处,增城市新塘镇三横路,暂无,营业厅,https://bank.cngold.org/yhwd/bank_9_20_326_0_15.html,15
广东省,广州市,建设银行广东省增城新塘支行,增城市新塘镇解放北路168号,暂无,营业厅,https://bank.cngold.org/yhwd/bank_9_20_326_0_15.html,15
广东省,广州市,建设银行广东省增城凤凰城支行,增城市新塘镇广园东路碧桂园凤凰城东门商业广场1号楼首层29-33、36号商铺,暂无,营业厅,https://bank.cngold.org/yhwd/bank_9_20_326_0_15.html,15
广东省,广州市,建设银行广东省增城新塘港口大道支行,增城市新塘镇港口大道312号,暂无,营业厅,https://bank.cngold.org/yhwd/bank_9_20_326_0_15.html,15
广东省,广州市,建设银行广东省增城三江支行,增城市石滩镇三江中山中路116号,暂无,营业厅,https://bank.cngold.org/yhwd/bank_9_20_326_0_15.html,15
广东省,广州市,建设银行广东省增城石滩分理处,增城市石滩镇红荔东路29号,暂无,营业厅,https://bank.cngold.org/yhwd/bank_9_20_326_0_15.html,15
广东省,广州市,建设银行广东省增城荔乡支行,增城市荔城镇荔乡路荔兴花园1105-1106号,暂无,营业厅,https://bank.cngold.org/yhwd/bank_9_20_326_0_15.html,15
广东省,广州市,建设银行广东省增城荔城碧桂园分理处,增城市荔城镇荔城碧桂园岸芷汀兰6座A号商铺、8座A-D号商铺,暂无,营业厅,https://bank.cngold.org/yhwd/bank_9_20_326_0_15.html,15
广东省,广州市,建设银行广东省增城支行营业室,增城市荔城镇挂绿路17号,暂无,营业厅,https://bank.cngold.org/yhwd/bank_9_20_326_0_16.html,16
广东省,广州市,建设银行广东省增城荔城支行,增城市荔城镇岗前路15号首层,暂无,营业厅,https://bank.cngold.org/yhwd/bank_9_20_326_0_16.html,16
广东省,广州市,建设银行广东省从化太平分理处,从化市太平镇广从北路85号,暂无,营业厅,https://bank.cngold.org/yhwd/bank_9_20_326_0_16.html,16
广东省,广州市,建设银行广东省从化开源分理处,从化市开源路2号,暂无,营业厅,https://bank.cngold.org/yhwd/bank_9_20_326_0_16.html,16
广东省,广州市,建设银行广东省从化西宁中分理处,从化市街口街新村路26至32号,暂无,营业厅,https://bank.cngold.org/yhwd/bank_9_20_326_0_16.html,16
广东省,广州市,建设银行广东省从化支行营业室,从化市街口街府前路98号,暂无,营业厅,https://bank.cngold.org/yhwd/bank_9_20_326_0_16.html,16
广东省,广州市,建设银行广东省从化七星分理处,从化市河东南路72号,暂无,营业厅,https://bank.cngold.org/yhwd/bank_9_20_326_0_16.html,16
广东省,广州市,建设银行广东省广州南沙分理处,广州市南沙区珠江中路23号,暂无,营业厅,https://bank.cngold.org/yhwd/bank_9_20_326_0_16.html,16
广东省,广州市,建设银行广东省广州南沙港区分理处,广州市南沙区万顷沙镇龙穴岛广州港南沙港务有限公司一楼,暂无,营业厅,https://bank.cngold.org/yhwd/bank_9_20_326_0_16.html,16
广东省,广州市,建设银行广东省广州南沙开发区支行营业室,广州市南沙区进港大道24号,暂无,营业厅,https://bank.cngold.org/yhwd/bank_9_20_326_0_16.html,16
广东省,广州市,建设银行广东省广州黄阁分理处,广州市南沙区黄阁镇市南公路黄阁段182号,暂无,营业厅,https://bank.cngold.org/yhwd/bank_9_20_326_0_16.html,16
广东省,广州市,建设银行广东省广州南方电网支行,广州市珠江新城华就路南方电力调度通信大楼首层,暂无,营业厅,https://bank.cngold.org/yhwd/bank_9_20_326_0_16.html,16
广东省,广州市,建设银行广东省广州天河路支行,广州市天河路108号,暂无,营业厅,https://bank.cngold.org/yhwd/bank_9_20_326_0_16.html,16
广东省,广州市,建设银行广东省广州粤电支行,广州市天河东路2、4、6号粤电广场首层、夹层,暂无,营业厅,https://bank.cngold.org/yhwd/bank_9_20_326_0_16.html,16
广东省,广州市,建设银行广东省广州电力支行营业室,广州市金穗路6号星汇国际大厦首层1、2、4号商铺,暂无,营业厅,https://bank.cngold.org/yhwd/bank_9_20_326_0_16.html,16
广东省,广州市,建设银行广东省广州广电支行,广州市东风东路757号,暂无,营业厅,https://bank.cngold.org/yhwd/bank_9_20_326_0_17.html,17
广东省,广州市,建设银行广东省广州南国花园支行,广州市天河区珠江新城平月路南国一街11号首层,暂无,营业厅,https://bank.cngold.org/yhwd/bank_9_20_326_0_17.html,17
广东省,广州市,建设银行广东省广州星汇园支行,广州市天河区金穗路52、54号首层,暂无,营业厅,https://bank.cngold.org/yhwd/bank_9_20_326_0_17.html,17
广东省,广州市,建设银行广东省广州东城支行营业部,广州市天河区黄埔大道西43号瑞达大厦一、二层,暂无,营业厅,https://bank.cngold.org/yhwd/bank_9_20_326_0_17.html,17
广东省,广州市,建设银行广东省广州东城支行金穗路分理处,广州市天河区珠江新城金穗路72号盈嘉花园首层106号商铺,暂无,营业厅,https://bank.cngold.org/yhwd/bank_9_20_326_0_17.html,17
广东省,广州市,建设银行广东省广州东城支行石牌西路支行,广州市天河区石牌西路74、76号,暂无,营业厅,https://bank.cngold.org/yhwd/bank_9_20_326_0_17.html,17
广东省,广州市,建设银行广东省广州东城支行名门大厦分理处,广州市天河区花城大道2号首层32-36号商铺,暂无,营业厅,https://bank.cngold.org/yhwd/bank_9_20_326_0_17.html,17
广东省,广州市,建设银行广东省广州东城支行育蕾支行,广州市体育西横街89号首层,暂无,营业厅,https://bank.cngold.org/yhwd/bank_9_20_326_0_17.html,17
广东省,珠海市,建设银行广东省珠海井岸支行,珠海市斗门区井岸镇新民路238号,暂无,营业厅,https://bank.cngold.org/yhwd/bank_9_20_328_0.html,1
广东省,珠海市,建设银行广东省珠海富华支行,广东省珠海市新香洲心华路49号、珠海市新香洲健民路111号第7-8栋底层68号,暂无,营业厅,https://bank.cngold.org/yhwd/bank_9_20_328_0.html,1
广东省,珠海市,建设银行广东省珠海紫荆支行,广东省珠海市香洲紫荆路96号,暂无,营业厅,https://bank.cngold.org/yhwd/bank_9_20_328_0.html,1
广东省,珠海市,建设银行广东省珠海东区支行,广东省珠海市香洲兴华路218号,暂无,营业厅,https://bank.cngold.org/yhwd/bank_9_20_328_0.html,1
广东省,珠海市,建设银行广东省珠海康怡支行,广东省珠海市香洲人民西路南虹三街24、26号,暂无,营业厅,https://bank.cngold.org/yhwd/bank_9_20_328_0.html,1
广东省,珠海市,建设银行广东省珠海人民路支行,广东省珠海市香洲人民东路97号,暂无,营业厅,https://bank.cngold.org/yhwd/bank_9_20_328_0.html,1
广东省,珠海市,建设银行广东省珠海文园路支行,广东省珠海市香洲人民东路520号一楼,暂无,营业厅,https://bank.cngold.org/yhwd/bank_9_20_328_0.html,1
广东省,珠海市,建设银行广东省珠海香山支行,广东省珠海市香洲人民东路239号,暂无,营业厅,https://bank.cngold.org/yhwd/bank_9_20_328_0.html,1
广东省,珠海市,建设银行广东省珠海金鼎支行,广东省珠海市香洲区唐家湾镇金峰中路87号,暂无,营业厅,https://bank.cngold.org/yhwd/bank_9_20_328_0.html,1
广东省,珠海市,建设银行广东省珠海翠香支行,广东省珠海市香洲区翠华路22号3、4号商铺,暂无,营业厅,https://bank.cngold.org/yhwd/bank_9_20_328_0.html,1
广东省,珠海市,建设银行广东省珠海隧道北支行,广东省珠海市香洲柠溪路64号,暂无,营业厅,https://bank.cngold.org/yhwd/bank_9_20_328_0.html,1
广东省,珠海市,建设银行广东省珠海柠溪支行,广东省珠海市香洲柠溪路513号,暂无,营业厅,https://bank.cngold.org/yhwd/bank_9_20_328_0.html,1
广东省,珠海市,建设银行广东省珠海香柠支行,广东省珠海市香洲柠溪路366号,暂无,营业厅,https://bank.cngold.org/yhwd/bank_9_20_328_0.html,1
广东省,珠海市,建设银行广东省珠海南华支行,广东省珠海市香洲梅华东路214-1、214-2、216-1商铺,暂无,营业厅,https://bank.cngold.org/yhwd/bank_9_20_328_0.html,1
广东省,珠海市,建设银行广东省珠海碧涛支行,广东省珠海市香洲华海路69号,暂无,营业厅,https://bank.cngold.org/yhwd/bank_9_20_328_0.html,1
广东省,珠海市,建设银行广东省珠海凤海支行,广东省珠海市香洲海滨北路8号综合楼五楼,暂无,营业厅,https://bank.cngold.org/yhwd/bank_9_20_328_0_2.html,2
广东省,珠海市,建设银行广东省珠海香洲支行,广东省珠海市香洲凤凰南路1042号海城大厦一楼,暂无,营业厅,https://bank.cngold.org/yhwd/bank_9_20_328_0_2.html,2
广东省,珠海市,建设银行广东省珠海金桦支行,广东省珠海市香华路382号、384号，红山路162号、160号,暂无,营业厅,https://bank.cngold.org/yhwd/bank_9_20_328_0_2.html,2
广东省,珠海市,建设银行广东省珠海湾仔支行,广东省珠海市湾仔中盛路63号,暂无,营业厅,https://bank.cngold.org/yhwd/bank_9_20_328_0_2.html,2
广东省,珠海市,建设银行广东省珠海唐家支行,广东省珠海市唐淇路3033号,暂无,营业厅,https://bank.cngold.org/yhwd/bank_9_20_328_0_2.html,2
广东省,珠海市,建设银行广东省珠海三灶支行,广东省珠海市三灶镇映月路438号,暂无,营业厅,https://bank.cngold.org/yhwd/bank_9_20_328_0_2.html,2
广东省,珠海市,建设银行广东省珠海上冲支行,广东省珠海市人民西路891号,暂无,营业厅,https://bank.cngold.org/yhwd/bank_9_20_328_0_2.html,2
广东省,珠海市,建设银行广东省珠海翠微支行,广东省珠海市前山明珠南路2110号2栋7－8号,暂无,营业厅,https://bank.cngold.org/yhwd/bank_9_20_328_0_2.html,2
广东省,珠海市,建设银行广东省珠海金鸡支行,广东省珠海市前山金鸡路631号,暂无,营业厅,https://bank.cngold.org/yhwd/bank_9_20_328_0_2.html,2
广东省,珠海市,建设银行广东省珠海前山支行,广东省珠海市前山翠前南路39号,暂无,营业厅,https://bank.cngold.org/yhwd/bank_9_20_328_0_2.html,2
广东省,珠海市,建设银行广东省珠海南屏支行,广东省珠海市南屏环屏路1号（首层）,暂无,营业厅,https://bank.cngold.org/yhwd/bank_9_20_328_0_2.html,2
广东省,珠海市,建设银行广东省珠海兰埔支行,广东省珠海市九洲大道西2108号1栋1-3号商铺,暂无,营业厅,https://bank.cngold.org/yhwd/bank_9_20_328_0_2.html,2
广东省,珠海市,建设银行广东省珠海海泉湾分理处,广东省珠海市金湾区平沙镇海泉湾度假城渔人码头E01号,暂无,营业厅,https://bank.cngold.org/yhwd/bank_9_20_328_0_2.html,2
广东省,珠海市,建设银行广东省珠海红旗支行,广东省珠海市金湾区红旗镇藤山一路177号,暂无,营业厅,https://bank.cngold.org/yhwd/bank_9_20_328_0_2.html,2
广东省,珠海市,建设银行广东省珠海海湾支行,广东省珠海市吉大石花东路海湾花园30栋底层101#、102#、103#商铺,暂无,营业厅,https://bank.cngold.org/yhwd/bank_9_20_328_0_2.html,2
广东省,珠海市,建设银行广东省珠海海滨支行,广东省珠海市吉大路141号,暂无,营业厅,https://bank.cngold.org/yhwd/bank_9_20_328_0_3.html,3
广东省,珠海市,建设银行广东省珠海市分行营业室,广东省珠海市吉大路101号建行大厦,暂无,营业厅,https://bank.cngold.org/yhwd/bank_9_20_328_0_3.html,3
广东省,珠海市,建设银行广东省珠海吉大支行,广东省珠海市吉大九洲大道中1001号,暂无,营业厅,https://bank.cngold.org/yhwd/bank_9_20_328_0_3.html,3
广东省,珠海市,建设银行广东省珠海景山支行,广东省珠海市吉大景山路102号,暂无,营业厅,https://bank.cngold.org/yhwd/bank_9_20_328_0_3.html,3
广东省,珠海市,建设银行广东省珠海九洲支行,广东省珠海市吉大海洲路8号九昌大厦首层,暂无,营业厅,https://bank.cngold.org/yhwd/bank_9_20_328_0_3.html,3
广东省,珠海市,建设银行广东省珠海华发新城分理处,广东省珠海市华发新城二期商业街一层B-E轴、51-54轴,暂无,营业厅,https://bank.cngold.org/yhwd/bank_9_20_328_0_3.html,3
广东省,珠海市,建设银行广东省珠海港支行,广东省珠海市海港大厦主楼东侧一层商场,暂无,营业厅,https://bank.cngold.org/yhwd/bank_9_20_328_0_3.html,3
广东省,珠海市,建设银行广东省珠海茂盛支行,广东省珠海市拱北粤华路433号1号楼6号、7号、8号商铺,暂无,营业厅,https://bank.cngold.org/yhwd/bank_9_20_328_0_3.html,3
广东省,珠海市,建设银行广东省珠海尖峰支行,广东省珠海市拱北粤华路195号,暂无,营业厅,https://bank.cngold.org/yhwd/bank_9_20_328_0_3.html,3
广东省,珠海市,建设银行广东省珠海粤海支行,广东省珠海市拱北粤海中路简美城市中心一楼,暂无,营业厅,https://bank.cngold.org/yhwd/bank_9_20_328_0_3.html,3
广东省,珠海市,建设银行广东省珠海迎宾支行,广东省珠海市拱北围基路2号,暂无,营业厅,https://bank.cngold.org/yhwd/bank_9_20_328_0_3.html,3
广东省,珠海市,建设银行广东省珠海丽景支行,广东省珠海市拱北水湾路139号,暂无,营业厅,https://bank.cngold.org/yhwd/bank_9_20_328_0_3.html,3
广东省,珠海市,建设银行广东省珠海北岭支行,广东省珠海市拱北石花西路267号,暂无,营业厅,https://bank.cngold.org/yhwd/bank_9_20_328_0_3.html,3
广东省,珠海市,建设银行广东省珠海万景城支行,广东省珠海市拱北莲花路34号力宝广场（莲花万景城）内B层36，37，38，41，42号商铺,暂无,营业厅,https://bank.cngold.org/yhwd/bank_9_20_328_0_3.html,3
广东省,珠海市,建设银行广东省珠海拱北支行,广东省珠海市拱北莲花路295号,暂无,营业厅,https://bank.cngold.org/yhwd/bank_9_20_328_0_3.html,3
广东省,珠海市,建设银行广东省珠海斗门支行,广东省珠海市斗门区井岸镇中兴北路48，50，52号,暂无,营业厅,https://bank.cngold.org/yhwd/bank_9_20_328_0_4.html,4
广东省,珠海市,建设银行广东省珠海城南支行,广东省珠海市斗门区井岸镇江湾二路104号,暂无,营业厅,https://bank.cngold.org/yhwd/bank_9_20_328_0_4.html,4
广东省,珠海市,建设银行广东省珠海保税区支行,广东省珠海市保税区国际贸易展示中心壹层A1区,暂无,营业厅,https://bank.cngold.org/yhwd/bank_9_20_328_0_4.html,4
广东省,汕头市,建设银行广东省汕头华能支行,汕头市濠江区澳头后港华能电厂旁,暂无,营业厅,https://bank.cngold.org/yhwd/bank_9_20_329_0.html,1
广东省,汕头市,建设银行广东省汕头嵩山南支行,汕头市嵩山路15号06、07、08铺面,暂无,营业厅,https://bank.cngold.org/yhwd/bank_9_20_329_0.html,1
广东省,汕头市,建设银行广东省汕头珠池支行,汕头市珠池路55号华丽花园45、46、47号商铺,暂无,营业厅,https://bank.cngold.org/yhwd/bank_9_20_329_0.html,1
广东省,汕头市,建设银行广东省汕头嘉顿支行,汕头市中信嘉顿小镇第10、11幢103、104、204号铺,暂无,营业厅,https://bank.cngold.org/yhwd/bank_9_20_329_0.html,1
广东省,汕头市,建设银行广东省汕头东厦分理处,汕头市中信东厦花园三区DS129、130、131、230、231号,暂无,营业厅,https://bank.cngold.org/yhwd/bank_9_20_329_0.html,1
广东省,汕头市,建设银行广东省汕头海滨支行,汕头市中山路156号中信海滨花园东区74号铺面,暂无,营业厅,https://bank.cngold.org/yhwd/bank_9_20_329_0.html,1
广东省,汕头市,建设银行广东省汕头广场支行,汕头市跃进路34号,暂无,营业厅,https://bank.cngold.org/yhwd/bank_9_20_329_0.html,1
广东省,汕头市,建设银行广东省汕头龙湖支行,汕头市迎宾路4号之01,暂无,营业厅,https://bank.cngold.org/yhwd/bank_9_20_329_0.html,1
广东省,汕头市,建设银行广东省汕头杏花西路支行,汕头市杏花路13号,暂无,营业厅,https://bank.cngold.org/yhwd/bank_9_20_329_0.html,1
广东省,汕头市,建设银行广东省汕头外马支行,汕头市外马路42号01、02分号,暂无,营业厅,https://bank.cngold.org/yhwd/bank_9_20_329_0.html,1
广东省,汕头市,建设银行广东省汕头天华分理处,汕头市天山路中段南航大厦裙楼首层大厅,暂无,营业厅,https://bank.cngold.org/yhwd/bank_9_20_329_0.html,1
广东省,汕头市,建设银行广东省汕头金湖支行,汕头市汕樟路113号,暂无,营业厅,https://bank.cngold.org/yhwd/bank_9_20_329_0.html,1
广东省,汕头市,建设银行广东省汕头安平支行,汕头市南海路9号,暂无,营业厅,https://bank.cngold.org/yhwd/bank_9_20_329_0.html,1
广东省,汕头市,建设银行广东省汕头龙眼支行,汕头市龙眼路75号,暂无,营业厅,https://bank.cngold.org/yhwd/bank_9_20_329_0.html,1
广东省,汕头市,建设银行广东省汕头中山东支行,汕头市龙眼路27号之03铺面,暂无,营业厅,https://bank.cngold.org/yhwd/bank_9_20_329_0.html,1
广东省,汕头市,建设银行广东省汕头外砂分理处,汕头市龙湖区外砂镇国道外砂地段迎宾市场旁,暂无,营业厅,https://bank.cngold.org/yhwd/bank_9_20_329_0_2.html,2
广东省,汕头市,建设银行广东省汕头丹阳支行,汕头市龙湖区丹阳庄东区4-6幢6幢109号,暂无,营业厅,https://bank.cngold.org/yhwd/bank_9_20_329_0_2.html,2
广东省,汕头市,建设银行广东省汕头金新北分理处,汕头市金新路99号汕头日报社附楼首层,暂无,营业厅,https://bank.cngold.org/yhwd/bank_9_20_329_0_2.html,2
广东省,汕头市,建设银行广东省汕头市分行营业室,汕头市金砂路113号,暂无,营业厅,https://bank.cngold.org/yhwd/bank_9_20_329_0_2.html,2
广东省,汕头市,建设银行广东省汕头外环支行,汕头市金环路60号5座,暂无,营业厅,https://bank.cngold.org/yhwd/bank_9_20_329_0_2.html,2
广东省,汕头市,建设银行广东省汕头龙眼北分理处,汕头市金湖路146号金湖大厦首层,暂无,营业厅,https://bank.cngold.org/yhwd/bank_9_20_329_0_2.html,2
广东省,汕头市,建设银行广东省汕头世贸花园支行,汕头市金碧庄东区36幢D－14铺面,暂无,营业厅,https://bank.cngold.org/yhwd/bank_9_20_329_0_2.html,2
广东省,汕头市,建设银行广东省汕头黄山支行,汕头市黄山路18号13、14、15号,暂无,营业厅,https://bank.cngold.org/yhwd/bank_9_20_329_0_2.html,2
广东省,汕头市,建设银行广东省汕头铁路支行,汕头市衡山路52号,暂无,营业厅,https://bank.cngold.org/yhwd/bank_9_20_329_0_2.html,2
广东省,汕头市,建设银行广东省汕头红荔分理处,汕头市广厦新城广厦街20号之01、02,暂无,营业厅,https://bank.cngold.org/yhwd/bank_9_20_329_0_2.html,2
广东省,汕头市,建设银行广东省汕头飞厦支行,汕头市飞厦西路5号首层,暂无,营业厅,https://bank.cngold.org/yhwd/bank_9_20_329_0_2.html,2
广东省,汕头市,建设银行广东省汕头嘉泰雅园支行,汕头市东厦路嘉泰雅园第5、7幢的101、201、102、202单元,暂无,营业厅,https://bank.cngold.org/yhwd/bank_9_20_329_0_2.html,2
广东省,汕头市,建设银行广东省汕头杏花支行,汕头市大学路18号,暂无,营业厅,https://bank.cngold.org/yhwd/bank_9_20_329_0_2.html,2
广东省,汕头市,建设银行广东省汕头大华支行,汕头市大华路40号,暂无,营业厅,https://bank.cngold.org/yhwd/bank_9_20_329_0_2.html,2
广东省,汕头市,建设银行广东省汕头中山路支行,汕头市澄海区中山路泗水归,暂无,营业厅,https://bank.cngold.org/yhwd/bank_9_20_329_0_2.html,2
广东省,汕头市,建设银行广东省汕头北门支行,汕头市澄海区中山北路111号,暂无,营业厅,https://bank.cngold.org/yhwd/bank_9_20_329_0_3.html,3
广东省,汕头市,建设银行广东省汕头广华分理处,汕头市澄海区西华路南侧宜居华庭第15幢F03、F203、F04、F204单元,暂无,营业厅,https://bank.cngold.org/yhwd/bank_9_20_329_0_3.html,3
广东省,汕头市,建设银行广东省汕头东山支行,汕头市澄海区文祠东路,暂无,营业厅,https://bank.cngold.org/yhwd/bank_9_20_329_0_3.html,3
广东省,汕头市,建设银行广东省汕头西栅分理处,汕头市澄海区文冠路宁冠园B1栋1-3号单元,暂无,营业厅,https://bank.cngold.org/yhwd/bank_9_20_329_0_3.html,3
广东省,汕头市,建设银行广东省汕头澄海支行,汕头市澄海区蓬岭路12号,暂无,营业厅,https://bank.cngold.org/yhwd/bank_9_20_329_0_3.html,3
广东省,汕头市,建设银行广东省汕头东里支行,汕头市澄海区东里镇文化西路口,暂无,营业厅,https://bank.cngold.org/yhwd/bank_9_20_329_0_3.html,3
广东省,汕头市,建设银行广东省汕头城西分理处,汕头市潮阳区西环城路商业大厦首层9号,暂无,营业厅,https://bank.cngold.org/yhwd/bank_9_20_329_0_3.html,3
广东省,汕头市,建设银行广东省汕头潮阳支行,汕头市潮阳区文光街道办事处平东东山大道中146号,暂无,营业厅,https://bank.cngold.org/yhwd/bank_9_20_329_0_3.html,3
广东省,汕头市,建设银行广东省汕头东门分理处,汕头市潮阳区平和东居委兰竹苑住宅区12幢首层109、110、111号铺,暂无,营业厅,https://bank.cngold.org/yhwd/bank_9_20_329_0_3.html,3
广东省,汕头市,建设银行广东省汕头潮南支行,汕头市潮南区峡山镇环山路口,暂无,营业厅,https://bank.cngold.org/yhwd/bank_9_20_329_0_3.html,3
广东省,汕头市,建设银行广东省汕头两英支行,汕头市潮南区两英镇两英服装商场1号,暂无,营业厅,https://bank.cngold.org/yhwd/bank_9_20_329_0_3.html,3
广东省,汕头市,建设银行广东省汕头长平支行,汕头市长平路与龙华街交界处竹园一幢02、03号,暂无,营业厅,https://bank.cngold.org/yhwd/bank_9_20_329_0_3.html,3
广东省,汕头市,建设银行广东省汕头万客隆支行,汕头市长平路金泰庄翡翠花园1、2、3幢113、114铺面,暂无,营业厅,https://bank.cngold.org/yhwd/bank_9_20_329_0_3.html,3
广东省,汕头市,建设银行广东省汕头丹霞支行,汕头市长平路黄金大厦底层104-106号,暂无,营业厅,https://bank.cngold.org/yhwd/bank_9_20_329_0_3.html,3
广东省,汕头市,建设银行广东省汕头金砂支行,汕头市长平路朝阳庄南区13幢,暂无,营业厅,https://bank.cngold.org/yhwd/bank_9_20_329_0_3.html,3
广东省,汕头市,建设银行广东省汕头财政大楼分理处,汕头市长平路财政大楼二层,暂无,营业厅,https://bank.cngold.org/yhwd/bank_9_20_329_0_4.html,4
广东省,汕头市,建设银行广东省汕头建营支行,汕头市长平路15号,暂无,营业厅,https://bank.cngold.org/yhwd/bank_9_20_329_0_4.html,4
广东省,汕头市,建设银行广东省汕头练江支行,汕头市长江公寓12幢一层、二层,暂无,营业厅,https://bank.cngold.org/yhwd/bank_9_20_329_0_4.html,4
广东省,汕头市,建设银行广东省汕头红领巾路支行,汕头市滨港路“海韵华府”D幢首层108房、109房，二层208房、209房,暂无,营业厅,https://bank.cngold.org/yhwd/bank_9_20_329_0_4.html,4
广东省,汕头市,建设银行广东省汕头滨港分理处,汕头市滨港路22号泰安华庭东区118、119、120、220铺面,暂无,营业厅,https://bank.cngold.org/yhwd/bank_9_20_329_0_4.html,4
广东省,汕头市,建设银行广东省汕头春泽支行,汕头市23街区中信春泽花园第15幢首层,暂无,营业厅,https://bank.cngold.org/yhwd/bank_9_20_329_0_4.html,4
广东省,汕头市,建设银行广东省汕头棉城支行,潮阳市文光街道办事处兴归振兴路123号,暂无,营业厅,https://bank.cngold.org/yhwd/bank_9_20_329_0_4.html,4
广东省,汕头市,建设银行广东省汕头南兴储蓄所,汕头市潮南区峡山镇汕尾居委广祥路344、346、348、350号,暂无,营业厅,https://bank.cngold.org/yhwd/bank_9_20_329_0_4.html,4
广东省,东莞市,建设银行广东省东莞松山湖支行,东莞市松山湖创意生活城商埔D一层D113\114\115号,暂无,营业厅,https://bank.cngold.org/yhwd/bank_9_20_330_0.html,1
广东省,东莞市,建设银行广东省东莞市分行星城支行,东城区温塘学前路新世纪星城花园一期67\68\69号,暂无,营业厅,https://bank.cngold.org/yhwd/bank_9_20_330_0.html,1
广东省,东莞市,建设银行广东省东莞市分行新世纪支行,东莞市东城区火炼树社区博客公寓酒店B栋21、22、23、25号,暂无,营业厅,https://bank.cngold.org/yhwd/bank_9_20_330_0.html,1
广东省,东莞市,建设银行广东省东莞市分行金月湾分理处,东城区东城区金月湾花园A15-19号,暂无,营业厅,https://bank.cngold.org/yhwd/bank_9_20_330_0.html,1
广东省,东莞市,建设银行广东省东莞市分行电信支行,东城大道1、2、3、4、5、6号,暂无,营业厅,https://bank.cngold.org/yhwd/bank_9_20_330_0.html,1
广东省,东莞市,建设银行广东省东莞市分行谢岗支行,东莞市谢岗镇振兴大道122号,暂无,营业厅,https://bank.cngold.org/yhwd/bank_9_20_330_0.html,1
广东省,东莞市,建设银行广东省东莞市分行清溪银苑储蓄所,东莞市清溪镇育才路1号首层,暂无,营业厅,https://bank.cngold.org/yhwd/bank_9_20_330_0.html,1
广东省,东莞市,建设银行广东省东莞市分行清溪清香分理处,东莞市清溪镇香芒中路建行大厦,暂无,营业厅,https://bank.cngold.org/yhwd/bank_9_20_330_0.html,1
广东省,东莞市,建设银行广东省东莞市分行清溪支行,东莞市清溪镇聚富路万豪酒店附楼,暂无,营业厅,https://bank.cngold.org/yhwd/bank_9_20_330_0.html,1
广东省,东莞市,建设银行广东省东莞市分行凤岗支行,东莞市凤岗镇永盛大街新世纪广场,暂无,营业厅,https://bank.cngold.org/yhwd/bank_9_20_330_0.html,1
广东省,东莞市,建设银行广东省东莞市分行凤岗雁田分理处,东莞市凤岗镇雁田海晖大厦,暂无,营业厅,https://bank.cngold.org/yhwd/bank_9_20_330_0.html,1
广东省,东莞市,建设银行广东省东莞市分行凤岗金凤路分理处,东莞市凤岗镇金凤路113号,暂无,营业厅,https://bank.cngold.org/yhwd/bank_9_20_330_0.html,1
广东省,东莞市,建设银行广东省东莞市分行塘厦迎宾分理处,东莞市塘厦镇四村农民公寓商铺首层3A－109号,暂无,营业厅,https://bank.cngold.org/yhwd/bank_9_20_330_0.html,1
广东省,东莞市,建设银行广东省东莞市分行塘厦中心分理处,东莞市塘厦镇沿河路2号,暂无,营业厅,https://bank.cngold.org/yhwd/bank_9_20_330_0.html,1
广东省,东莞市,建设银行广东省东莞市分行塘厦高丽分理处,东莞市塘厦镇高丽七路2号,暂无,营业厅,https://bank.cngold.org/yhwd/bank_9_20_330_0.html,1
广东省,东莞市,建设银行广东省东莞市分行塘厦支行,东莞市塘厦镇花园街16号,暂无,营业厅,https://bank.cngold.org/yhwd/bank_9_20_330_0_2.html,2
广东省,东莞市,建设银行广东省东莞市分行樟木头银河分理处,东莞市樟木头镇帝豪路帝雍园D33、D35、D36、D38、D39、D50、D51,暂无,营业厅,https://bank.cngold.org/yhwd/bank_9_20_330_0_2.html,2
广东省,东莞市,建设银行广东省东莞市分行樟木头振兴分理处,东莞市樟木头镇新兴街32号,暂无,营业厅,https://bank.cngold.org/yhwd/bank_9_20_330_0_2.html,2
广东省,东莞市,建设银行广东省东莞市分行樟木头支行,东莞市樟木头镇中心区维多利大道欧陆庭苑第四座1—2层,暂无,营业厅,https://bank.cngold.org/yhwd/bank_9_20_330_0_2.html,2
广东省,东莞市,建设银行广东省东莞市分行长安新兴分理处,东莞市长安镇长中路28号,暂无,营业厅,https://bank.cngold.org/yhwd/bank_9_20_330_0_2.html,2
广东省,东莞市,建设银行广东省东莞市分行长安新沙东路分理处,东莞市长安镇沙头社区东方新村新沙东路供销社大楼,暂无,营业厅,https://bank.cngold.org/yhwd/bank_9_20_330_0_2.html,2
广东省,东莞市,建设银行广东省东莞市分行长安长怡分理处,东莞市长安镇长盛西路供电大楼一楼,暂无,营业厅,https://bank.cngold.org/yhwd/bank_9_20_330_0_2.html,2
广东省,东莞市,建设银行广东省东莞市分行长安大道分理处,东莞市长安镇霄边大道33号,暂无,营业厅,https://bank.cngold.org/yhwd/bank_9_20_330_0_2.html,2
广东省,东莞市,建设银行广东省东莞市分行长安支行,东莞市长安镇长怡路粮贸大楼一楼,暂无,营业厅,https://bank.cngold.org/yhwd/bank_9_20_330_0_2.html,2
广东省,东莞市,建设银行广东省东莞市分行虎门富民分理处,东莞市虎门镇银龙路广贸大厦地铺A6号、A46号,暂无,营业厅,https://bank.cngold.org/yhwd/bank_9_20_330_0_2.html,2
广东省,东莞市,建设银行广东省东莞市分行虎门大道分理处,东莞市虎门镇沙太路119号,暂无,营业厅,https://bank.cngold.org/yhwd/bank_9_20_330_0_2.html,2
广东省,东莞市,建设银行广东省东莞市分行虎门莞太分理处,东莞市虎门镇莞太路博头工业区一幢,暂无,营业厅,https://bank.cngold.org/yhwd/bank_9_20_330_0_2.html,2
广东省,东莞市,建设银行广东省东莞市分行虎门沙电分理处,东莞市虎门镇沙角发电厂内,暂无,营业厅,https://bank.cngold.org/yhwd/bank_9_20_330_0_2.html,2
广东省,东莞市,建设银行广东省东莞市分行虎门新园分理处,东莞市虎门镇太沙路,暂无,营业厅,https://bank.cngold.org/yhwd/bank_9_20_330_0_2.html,2
广东省,东莞市,建设银行广东省东莞市分行虎门威远分理处,东莞市虎门镇威远大道东26号,暂无,营业厅,https://bank.cngold.org/yhwd/bank_9_20_330_0_2.html,2
广东省,东莞市,建设银行广东省东莞市分行虎门人民路分理处,东莞市虎门镇人民路177号好运来广场首层,暂无,营业厅,https://bank.cngold.org/yhwd/bank_9_20_330_0_3.html,3
广东省,东莞市,建设银行广东省东莞市分行虎门支行,东莞市虎门镇港口路银丰大厦,暂无,营业厅,https://bank.cngold.org/yhwd/bank_9_20_330_0_3.html,3
广东省,东莞市,建设银行广东省东莞市分行石龙支行,东莞市石龙镇新城区裕兴路18号,暂无,营业厅,https://bank.cngold.org/yhwd/bank_9_20_330_0_3.html,3
广东省,东莞市,建设银行广东省东莞市分行石龙西湖分理处,东莞市石龙镇金源东路九巷地铺,暂无,营业厅,https://bank.cngold.org/yhwd/bank_9_20_330_0_3.html,3
广东省,东莞市,建设银行广东省东莞市分行石龙太平路分理处,东莞市石龙镇太平路89号,暂无,营业厅,https://bank.cngold.org/yhwd/bank_9_20_330_0_3.html,3
广东省,东莞市,建设银行广东省东莞市分行营业室,东莞市南城区体育路5号建升大厦,暂无,营业厅,https://bank.cngold.org/yhwd/bank_9_20_330_0_3.html,3
广东省,东莞市,建设银行广东省东莞市分行建业支行,东莞市东城区花园新村育兴路5号一、二号铺,暂无,营业厅,https://bank.cngold.org/yhwd/bank_9_20_330_0_3.html,3
广东省,东莞市,建设银行广东省东莞市分行运河支行,东莞市城区运河西一路131号,暂无,营业厅,https://bank.cngold.org/yhwd/bank_9_20_330_0_3.html,3
广东省,东莞市,建设银行广东省东莞市分行可园支行,东莞市城区运河西二路41号,暂无,营业厅,https://bank.cngold.org/yhwd/bank_9_20_330_0_3.html,3
广东省,东莞市,建设银行广东省东莞市分行黄江彩虹分理处,东莞市黄江镇文明路28号第一、二层,暂无,营业厅,https://bank.cngold.org/yhwd/bank_9_20_330_0_3.html,3
广东省,东莞市,建设银行广东省东莞市分行黄江支行,东莞市黄江镇黄江大道124号一楼,暂无,营业厅,https://bank.cngold.org/yhwd/bank_9_20_330_0_3.html,3
广东省,东莞市,建设银行广东省东莞市分行桥头支行,东莞市桥头镇文德路1号,暂无,营业厅,https://bank.cngold.org/yhwd/bank_9_20_330_0_3.html,3
广东省,东莞市,建设银行广东省东莞市分行常平新市分理处,东莞市常平镇新市一街128号,暂无,营业厅,https://bank.cngold.org/yhwd/bank_9_20_330_0_3.html,3
广东省,东莞市,建设银行广东省东莞市分行常平新南路分理处,东莞市常平镇新南路56-58号,暂无,营业厅,https://bank.cngold.org/yhwd/bank_9_20_330_0_3.html,3
广东省,东莞市,建设银行广东省东莞市分行常平汇众储蓄所,东莞市常平镇振兴三街168号,暂无,营业厅,https://bank.cngold.org/yhwd/bank_9_20_330_0_3.html,3
广东省,东莞市,建设银行广东省东莞市分行常平前进分理处,东莞市常平镇东兴路10号,暂无,营业厅,https://bank.cngold.org/yhwd/bank_9_20_330_0_4.html,4
广东省,东莞市,建设银行广东省东莞市分行常平支行,东莞市常平镇常平大道金汇大厦首层,暂无,营业厅,https://bank.cngold.org/yhwd/bank_9_20_330_0_4.html,4
广东省,东莞市,建设银行广东省东莞市分行横沥汇丰分理处,东莞市横沥镇天桥路257--259号,暂无,营业厅,https://bank.cngold.org/yhwd/bank_9_20_330_0_4.html,4
广东省,东莞市,建设银行广东省东莞市分行横沥支行,东莞市横沥镇中山路双龙舫一号楼一楼103aA、105A号铺,暂无,营业厅,https://bank.cngold.org/yhwd/bank_9_20_330_0_4.html,4
广东省,东莞市,建设银行广东省东莞市分行东坑支行,东莞市东坑镇东兴路241号,暂无,营业厅,https://bank.cngold.org/yhwd/bank_9_20_330_0_4.html,4
广东省,东莞市,建设银行广东省东莞市分行大朗富华分理处,东莞市大朗镇富康路82、84号,暂无,营业厅,https://bank.cngold.org/yhwd/bank_9_20_330_0_4.html,4
广东省,东莞市,建设银行广东省东莞市分行大朗美景分理处,东莞市大朗镇美景中路181、183号,暂无,营业厅,https://bank.cngold.org/yhwd/bank_9_20_330_0_4.html,4
广东省,东莞市,建设银行广东省东莞市分行大朗支行,东莞市大朗镇长富路13号,暂无,营业厅,https://bank.cngold.org/yhwd/bank_9_20_330_0_4.html,4
广东省,东莞市,建设银行广东省东莞市分行大岭山支行,东莞市大岭山镇农场村振华路108号一、二层,暂无,营业厅,https://bank.cngold.org/yhwd/bank_9_20_330_0_4.html,4
广东省,东莞市,建设银行广东省东莞市分行寮步寮盛分理处,东莞市寮步镇教育路中段建行大楼,暂无,营业厅,https://bank.cngold.org/yhwd/bank_9_20_330_0_4.html,4
广东省,东莞市,建设银行广东省东莞市分行寮步寮星分理处,东莞市寮步镇下岭贝村百业路东莞市百业国际汽配城广场路1、2、3号铺,暂无,营业厅,https://bank.cngold.org/yhwd/bank_9_20_330_0_4.html,4
广东省,东莞市,建设银行广东省东莞市分行寮步支行,东莞市寮步镇香市路供电大楼,暂无,营业厅,https://bank.cngold.org/yhwd/bank_9_20_330_0_4.html,4
广东省,东莞市,建设银行广东省东莞市分行茶山支行,东莞市茶山镇茶山大道中233号茶山振益纸品厂办公楼,暂无,营业厅,https://bank.cngold.org/yhwd/bank_9_20_330_0_4.html,4
广东省,东莞市,建设银行广东省东莞市分行企石支行,东莞市企石镇振华路5号,暂无,营业厅,https://bank.cngold.org/yhwd/bank_9_20_330_0_4.html,4
广东省,东莞市,建设银行广东省东莞市分行石排支行,东莞市石排镇石兴路72号,暂无,营业厅,https://bank.cngold.org/yhwd/bank_9_20_330_0_4.html,4
广东省,东莞市,建设银行广东省东莞市分行石碣崇焕东路分理处,东莞市石碣镇崇焕东路线51、53、55、57、59、61、63、65、67号,暂无,营业厅,https://bank.cngold.org/yhwd/bank_9_20_330_0_5.html,5
广东省,东莞市,建设银行广东省东莞市分行石碣支行,东莞市石碣镇新城区东风中路丰盛大厦1-5层,暂无,营业厅,https://bank.cngold.org/yhwd/bank_9_20_330_0_5.html,5
广东省,东莞市,建设银行广东省东莞市分行高埗支行,东莞市高埗镇振兴南路166号,暂无,营业厅,https://bank.cngold.org/yhwd/bank_9_20_330_0_5.html,5
广东省,东莞市,建设银行广东省东莞市分行中堂支行,东莞市中堂镇新兴路63号,暂无,营业厅,https://bank.cngold.org/yhwd/bank_9_20_330_0_5.html,5
广东省,东莞市,建设银行广东省东莞市分行望牛墩支行,东莞市望牛墩镇镇中路建行大楼,暂无,营业厅,https://bank.cngold.org/yhwd/bank_9_20_330_0_5.html,5
广东省,东莞市,建设银行广东省东莞市分行麻涌支行,东莞市麻涌镇建设路11号,暂无,营业厅,https://bank.cngold.org/yhwd/bank_9_20_330_0_5.html,5
广东省,东莞市,建设银行广东省东莞市分行道滘支行,东莞市道滘镇振兴北路80号,暂无,营业厅,https://bank.cngold.org/yhwd/bank_9_20_330_0_5.html,5
广东省,东莞市,建设银行广东省东莞市分行洪梅分理处,东莞市洪梅镇府前路10号,暂无,营业厅,https://bank.cngold.org/yhwd/bank_9_20_330_0_5.html,5
广东省,东莞市,建设银行广东省东莞市分行沙田支行,东莞市沙田镇横流大街28号,暂无,营业厅,https://bank.cngold.org/yhwd/bank_9_20_330_0_5.html,5
广东省,东莞市,建设银行广东省东莞市分行厚街康乐分理处,东莞市厚街镇S256省道珊美村路段国美城商务酒店一楼商铺,暂无,营业厅,https://bank.cngold.org/yhwd/bank_9_20_330_0_5.html,5
广东省,东莞市,建设银行广东省东莞市分行厚街支行,东莞市厚街镇体育路盛和花园门口侧,暂无,营业厅,https://bank.cngold.org/yhwd/bank_9_20_330_0_5.html,5
广东省,东莞市,建设银行广东省东莞市分行花园分理处,东莞市东城区花园新村花园路15号,暂无,营业厅,https://bank.cngold.org/yhwd/bank_9_20_330_0_5.html,5
广东省,东莞市,建设银行广东省东莞市分行东宝路分理处,东莞市东城区主山东宝路87、89号,暂无,营业厅,https://bank.cngold.org/yhwd/bank_9_20_330_0_5.html,5
广东省,东莞市,建设银行广东省东莞市分行东城支行,东莞市东城区岗贝罗沙路6号,暂无,营业厅,https://bank.cngold.org/yhwd/bank_9_20_330_0_5.html,5
广东省,东莞市,建设银行广东省东莞市分行教育路支行,东莞市万江区万江墟社区教育路148号,暂无,营业厅,https://bank.cngold.org/yhwd/bank_9_20_330_0_5.html,5
广东省,东莞市,建设银行广东省东莞市分行万江支行,东莞市万江区万江墟社区莞穗大道412号,暂无,营业厅,https://bank.cngold.org/yhwd/bank_9_20_330_0_6.html,6
广东省,东莞市,建设银行广东省东莞市分行阳光分理处,东莞市东城区中信东泰阳光假日南街37—42号,暂无,营业厅,https://bank.cngold.org/yhwd/bank_9_20_330_0_6.html,6
广东省,东莞市,建设银行广东省东莞市分行金泽分理处,东莞市东城区主山东城大道金泽花园楼下,暂无,营业厅,https://bank.cngold.org/yhwd/bank_9_20_330_0_6.html,6
广东省,东莞市,建设银行广东省东莞市分行南城支行,东莞市南城区新城市中心区第一国际H5地块A区商铺一层A1-001至A1-003铺位,暂无,营业厅,https://bank.cngold.org/yhwd/bank_9_20_330_0_6.html,6
广东省,东莞市,建设银行广东省东莞市分行新基支行,东莞市南城莞太路新基富兴大楼地下,暂无,营业厅,https://bank.cngold.org/yhwd/bank_9_20_330_0_6.html,6
广东省,东莞市,建设银行广东省东莞市分行愉景支行,东莞市东城石井大道堃和居大厦C段1、2、3号,暂无,营业厅,https://bank.cngold.org/yhwd/bank_9_20_330_0_6.html,6
广东省,东莞市,建设银行广东省东莞市分行步步高分理处,东莞市莞城步步高松苑一座1-2号,暂无,营业厅,https://bank.cngold.org/yhwd/bank_9_20_330_0_6.html,6
广东省,东莞市,建设银行广东省东莞市分行城区支行,东莞市城区八达路128号,暂无,营业厅,https://bank.cngold.org/yhwd/bank_9_20_330_0_6.html,6
广东省,东莞市,建设银行广东省东莞市分行政法支行,城区东城西路181号金澳大厦首层,暂无,营业厅,https://bank.cngold.org/yhwd/bank_9_20_330_0_6.html,6
广东省,东莞市,建设银行广东省东莞市分行银城支行,东莞市南城区银丰路银城大厦,暂无,营业厅,https://bank.cngold.org/yhwd/bank_9_20_330_0_6.html,6
广东省,东莞市,建设银行广东省东莞市分行金山支行,东莞市东城南路新世界花园A1021、A1022号,暂无,营业厅,https://bank.cngold.org/yhwd/bank_9_20_330_0_6.html,6
广东省,东莞市,建设银行广东省东莞市分行景湖分理处,东莞市四环路景湖花园五期B栋首层第13间,暂无,营业厅,https://bank.cngold.org/yhwd/bank_9_20_330_0_6.html,6
广东省,东莞市,建设银行广东省东莞虎门北栅支行,东莞市虎门镇358省道虎门段675号商铺,暂无,营业厅,https://bank.cngold.org/yhwd/bank_9_20_330_0_6.html,6
广东省,东莞市,建设银行广东省东莞市分行桑园支行,东莞市东城区桑园狮龙路东莞市三兴电子有限公司综合楼首层11至18号铺,暂无,营业厅,https://bank.cngold.org/yhwd/bank_9_20_330_0_6.html,6
广东省,东莞市,建设银行广东省东莞市分行宏伟路支行,东莞市南城西平管理区宏伟路未来世界花园首层9-11号铺,暂无,营业厅,https://bank.cngold.org/yhwd/bank_9_20_330_0_6.html,6
广东省,东莞市,建设银行广东省东莞市分行厚街健晖分理处,东莞市厚街镇桥头村凤山东逸翠苑商铺B1-002、003、005、006号,暂无,营业厅,https://bank.cngold.org/yhwd/bank_9_20_330_0_7.html,7
广东省,东莞市,建设银行广东省东莞市分行虎门博美分理处,东莞市虎门镇博美兴裕路17号商铺,暂无,营业厅,https://bank.cngold.org/yhwd/bank_9_20_330_0_7.html,7
广东省,东莞市,建设银行广东省东莞市分行长安上角分理处,东莞市长安镇上角村上南路264号,暂无,营业厅,https://bank.cngold.org/yhwd/bank_9_20_330_0_7.html,7
广东省,东莞市,建设银行广东省东莞市分行厚街鼎盛分理处,东莞市厚街镇鼎盛时代广场A01、B05-B10号商铺,暂无,营业厅,https://bank.cngold.org/yhwd/bank_9_20_330_0_7.html,7
广东省,东莞市,建设银行广东省东莞市分行长安乌沙分理处,东莞市长安镇乌沙社区江贝同乐新村一巷1号,暂无,营业厅,https://bank.cngold.org/yhwd/bank_9_20_330_0_7.html,7
广东省,中山市,建设银行广东省中山隆都支行,中山市岐江公路溪角云汉路段3号,暂无,营业厅,https://bank.cngold.org/yhwd/bank_9_20_331_0.html,1
广东省,中山市,建设银行广东省中山悦来中路分理处,中山市悦来中路2号,暂无,营业厅,https://bank.cngold.org/yhwd/bank_9_20_331_0.html,1
广东省,中山市,建设银行广东省中山兴中道支行,中山市兴中道房管大楼一楼,暂无,营业厅,https://bank.cngold.org/yhwd/bank_9_20_331_0.html,1
广东省,中山市,建设银行广东省中山洪联路分理处,中山市小榄镇永宁华福路56号,暂无,营业厅,https://bank.cngold.org/yhwd/bank_9_20_331_0.html,1
广东省,中山市,建设银行广东省中山永宁分理处,中山市小榄镇新永路166、168号,暂无,营业厅,https://bank.cngold.org/yhwd/bank_9_20_331_0.html,1
广东省,中山市,建设银行广东省中山小榄支行,中山市小榄镇新市路83号,暂无,营业厅,https://bank.cngold.org/yhwd/bank_9_20_331_0.html,1
广东省,中山市,建设银行广东省中山沙口分理处,中山市小榄镇小榄大道北35号,暂无,营业厅,https://bank.cngold.org/yhwd/bank_9_20_331_0.html,1
广东省,中山市,建设银行广东省中山西区分理处,中山市小榄镇西苑路14号,暂无,营业厅,https://bank.cngold.org/yhwd/bank_9_20_331_0.html,1
广东省,中山市,建设银行广东省中山民安中路分理处,中山市小榄镇民安中路东区第三经济合作社综合楼,暂无,营业厅,https://bank.cngold.org/yhwd/bank_9_20_331_0.html,1
广东省,中山市,建设银行广东省中山竹源分理处,中山市小榄镇红山路63号地铺,暂无,营业厅,https://bank.cngold.org/yhwd/bank_9_20_331_0.html,1
广东省,中山市,建设银行广东省中山基头庙分理处,中山市小榄镇广源北路29号,暂无,营业厅,https://bank.cngold.org/yhwd/bank_9_20_331_0.html,1
广东省,中山市,建设银行广东省中山东区分理处,中山市小榄镇东区新华西路3号,暂无,营业厅,https://bank.cngold.org/yhwd/bank_9_20_331_0.html,1
广东省,中山市,建设银行广东省中山沙朗分理处,中山市西区沙朗马路南23号,暂无,营业厅,https://bank.cngold.org/yhwd/bank_9_20_331_0.html,1
广东省,中山市,建设银行广东省中山银兴分理处,中山市坦洲镇文康路31、33、35号,暂无,营业厅,https://bank.cngold.org/yhwd/bank_9_20_331_0.html,1
广东省,中山市,建设银行广东省中山坦洲支行,中山市坦洲镇工业大道2号,暂无,营业厅,https://bank.cngold.org/yhwd/bank_9_20_331_0.html,1
广东省,中山市,建设银行广东省中山御景湾分理处,中山市孙文东路268号御景湾大厦首层,暂无,营业厅,https://bank.cngold.org/yhwd/bank_9_20_331_0_2.html,2
广东省,中山市,建设银行广东省中山南涌大街分理处,中山市石岐悦来南路9号楼下,暂无,营业厅,https://bank.cngold.org/yhwd/bank_9_20_331_0_2.html,2
广东省,中山市,建设银行广东省中山湖滨分理处,中山市石岐区湖滨路32号,暂无,营业厅,https://bank.cngold.org/yhwd/bank_9_20_331_0_2.html,2
广东省,中山市,建设银行广东省中山石岐支行,中山市石岐区东明路8-10号17、18、19卡商铺及二楼4卡,暂无,营业厅,https://bank.cngold.org/yhwd/bank_9_20_331_0_2.html,2
广东省,中山市,建设银行广东省中山云汉分理处,中山市沙溪镇岐江公路云汉路段131号,暂无,营业厅,https://bank.cngold.org/yhwd/bank_9_20_331_0_2.html,2
广东省,中山市,建设银行广东省中山沙溪分理处,中山市沙溪镇达德路18号,暂无,营业厅,https://bank.cngold.org/yhwd/bank_9_20_331_0_2.html,2
广东省,中山市,建设银行广东省中山市金煌分理处,中山市三乡镇文昌西路金煌酒店一层东侧,暂无,营业厅,https://bank.cngold.org/yhwd/bank_9_20_331_0_2.html,2
广东省,中山市,建设银行广东省中山三乡支行,中山市三乡镇文昌西路112号,暂无,营业厅,https://bank.cngold.org/yhwd/bank_9_20_331_0_2.html,2
广东省,中山市,建设银行广东省中山白石分理处,中山市三乡镇白石文华中路5号,暂无,营业厅,https://bank.cngold.org/yhwd/bank_9_20_331_0_2.html,2
广东省,中山市,建设银行广东省中山三角分理处,中山市三角镇金三大道中138号32卡商铺,暂无,营业厅,https://bank.cngold.org/yhwd/bank_9_20_331_0_2.html,2
广东省,中山市,建设银行广东省中山南头支行,中山市南头镇金湾广场A区32-36卡,暂无,营业厅,https://bank.cngold.org/yhwd/bank_9_20_331_0_2.html,2
广东省,中山市,建设银行广东省中山环城分理处,中山市南区城南二路中山市公路局稽费征收站大楼首层,暂无,营业厅,https://bank.cngold.org/yhwd/bank_9_20_331_0_2.html,2
广东省,中山市,建设银行广东省中山南朗分理处,中山市南朗镇南苑市场D栋,暂无,营业厅,https://bank.cngold.org/yhwd/bank_9_20_331_0_2.html,2
广东省,中山市,建设银行广东省中山民众支行,中山市民众镇六百六路66号,暂无,营业厅,https://bank.cngold.org/yhwd/bank_9_20_331_0_2.html,2
广东省,中山市,建设银行广东省中山青溪路分理处,中山市莲员西路168号21-22卡,暂无,营业厅,https://bank.cngold.org/yhwd/bank_9_20_331_0_2.html,2
广东省,中山市,建设银行广东省中山中山港支行,中山市火炬开发区沿江路1号,暂无,营业厅,https://bank.cngold.org/yhwd/bank_9_20_331_0_3.html,3
广东省,中山市,建设银行广东省中山新濠头分理处,中山市火炬开发区孙文东路濠头新村荣华居13、15卡,暂无,营业厅,https://bank.cngold.org/yhwd/bank_9_20_331_0_3.html,3
广东省,中山市,建设银行广东省中山高科技分理处,中山市火炬开发区沙边路3号之三,暂无,营业厅,https://bank.cngold.org/yhwd/bank_9_20_331_0_3.html,3
广东省,中山市,建设银行广东省中山明珠分理处,中山市火炬开发区南祥路明珠苑F栋1.2号,暂无,营业厅,https://bank.cngold.org/yhwd/bank_9_20_331_0_3.html,3
广东省,中山市,建设银行广东省中山东镇分理处,中山市火炬开发区东镇大道15号之七,暂无,营业厅,https://bank.cngold.org/yhwd/bank_9_20_331_0_3.html,3
广东省,中山市,建设银行广东省中山黄圃支行,中山市黄圃镇新明中路26号,暂无,营业厅,https://bank.cngold.org/yhwd/bank_9_20_331_0_3.html,3
广东省,中山市,建设银行广东省中山湖滨大厦分理处,中山市湖滨中路6-16号7、9、10、11卡,暂无,营业厅,https://bank.cngold.org/yhwd/bank_9_20_331_0_3.html,3
广东省,中山市,建设银行广东省中山横栏支行,中山市横栏镇长安街,暂无,营业厅,https://bank.cngold.org/yhwd/bank_9_20_331_0_3.html,3
广东省,中山市,建设银行广东省中山古镇支行,中山市古镇镇中兴大道岗东商厦B幢1、2、3卡,暂无,营业厅,https://bank.cngold.org/yhwd/bank_9_20_331_0_3.html,3
广东省,中山市,建设银行广东省中山海洲分理处,中山市古镇镇海洲华光海兴路,暂无,营业厅,https://bank.cngold.org/yhwd/bank_9_20_331_0_3.html,3
广东省,中山市,建设银行广东省中山曹步分理处,中山市古镇镇曹二村长安路10号,暂无,营业厅,https://bank.cngold.org/yhwd/bank_9_20_331_0_3.html,3
广东省,中山市,建设银行广东省中山东兴分理处,中山市古镇东兴西路70号,暂无,营业厅,https://bank.cngold.org/yhwd/bank_9_20_331_0_3.html,3
广东省,中山市,建设银行广东省中山港口支行,中山市港口镇兴港中路建华花园首层,暂无,营业厅,https://bank.cngold.org/yhwd/bank_9_20_331_0_3.html,3
广东省,中山市,建设银行广东省中山东升支行,中山市东升镇龙昌路乐富居地铺6、7、8卡,暂无,营业厅,https://bank.cngold.org/yhwd/bank_9_20_331_0_3.html,3
广东省,中山市,建设银行广东省中山市分行营业部,中山市东区中山三路47号,暂无,营业厅,https://bank.cngold.org/yhwd/bank_9_20_331_0_3.html,3
广东省,中山市,建设银行广东省中山城南支行,中山市东区体育路恒信花园B区18.20.22-24卡,暂无,营业厅,https://bank.cngold.org/yhwd/bank_9_20_331_0_4.html,4
广东省,中山市,建设银行广东省中山松苑新村分理处,中山市东区松苑路7号10-14卡,暂无,营业厅,https://bank.cngold.org/yhwd/bank_9_20_331_0_4.html,4
广东省,中山市,建设银行广东省中山库充分理处,中山市东区顺景花园31-37卡,暂无,营业厅,https://bank.cngold.org/yhwd/bank_9_20_331_0_4.html,4
广东省,中山市,建设银行广东省中山水云轩分理处,中山市东区起湾道北12号华鸿.水云轩10幢8卡商铺,暂无,营业厅,https://bank.cngold.org/yhwd/bank_9_20_331_0_4.html,4
广东省,中山市,建设银行广东省中山朗晴轩分理处,中山市东区朗晴轩七幢1、2卡,暂无,营业厅,https://bank.cngold.org/yhwd/bank_9_20_331_0_4.html,4
广东省,中山市,建设银行广东省中山城区支行,中山市东区花园新村富华楼二幢,暂无,营业厅,https://bank.cngold.org/yhwd/bank_9_20_331_0_4.html,4
广东省,中山市,建设银行广东省中山东凤支行,中山市东凤镇兴华中路53号,暂无,营业厅,https://bank.cngold.org/yhwd/bank_9_20_331_0_4.html,4
广东省,中山市,建设银行广东省中山金怡分理处,中山市东凤镇金怡南路36号,暂无,营业厅,https://bank.cngold.org/yhwd/bank_9_20_331_0_4.html,4
广东省,中山市,建设银行广东省中山大涌分理处,中山市大涌镇南兴商业街兴盛楼首层6-10卡,暂无,营业厅,https://bank.cngold.org/yhwd/bank_9_20_331_0_4.html,4
广东省,中山市,建设银行广东省中山板芙支行,中山市板芙镇板芙北路23号,暂无,营业厅,https://bank.cngold.org/yhwd/bank_9_20_331_0_4.html,4
广东省,佛山市,建设银行广东省佛山均安支行,佛山顺德区均安镇三华居委会西区百安路22号鸿骏轩首层101－103商铺,暂无,营业厅,https://bank.cngold.org/yhwd/bank_9_20_332_0.html,1
广东省,佛山市,建设银行广东省佛山香花支行,佛山市禅城区祖庙路33号百花广场23楼,暂无,营业厅,https://bank.cngold.org/yhwd/bank_9_20_332_0.html,1
广东省,佛山市,建设银行广东省佛山沙岗支行,佛山市禅城区镇中三路3号,暂无,营业厅,https://bank.cngold.org/yhwd/bank_9_20_332_0.html,1
广东省,佛山市,建设银行广东省佛山张槎支行,佛山市禅城区张槎三路8号首层,暂无,营业厅,https://bank.cngold.org/yhwd/bank_9_20_332_0.html,1
广东省,佛山市,建设银行广东省佛山汾江支行,佛山市禅城区五峰四路27号,暂无,营业厅,https://bank.cngold.org/yhwd/bank_9_20_332_0.html,1
广东省,佛山市,建设银行广东省佛山普君支行,佛山市禅城区卫国路41号综合楼首层,暂无,营业厅,https://bank.cngold.org/yhwd/bank_9_20_332_0.html,1
广东省,佛山市,建设银行广东省佛山市东支行,佛山市禅城区市东下路35号,暂无,营业厅,https://bank.cngold.org/yhwd/bank_9_20_332_0.html,1
广东省,佛山市,建设银行广东省佛山人民支行,佛山市禅城区人民路100号首层,暂无,营业厅,https://bank.cngold.org/yhwd/bank_9_20_332_0.html,1
广东省,佛山市,建设银行广东省佛山永安支行,佛山市禅城区庆宁路59号,暂无,营业厅,https://bank.cngold.org/yhwd/bank_9_20_332_0.html,1
广东省,佛山市,建设银行广东省佛山圣堂支行,佛山市禅城区轻工三路12号,暂无,营业厅,https://bank.cngold.org/yhwd/bank_9_20_332_0.html,1
广东省,佛山市,建设银行广东省佛山上沙支行,佛山市禅城区亲仁路7号首层,暂无,营业厅,https://bank.cngold.org/yhwd/bank_9_20_332_0.html,1
广东省,佛山市,建设银行广东省佛山开发区支行,佛山市禅城区普澜二路12号一座,暂无,营业厅,https://bank.cngold.org/yhwd/bank_9_20_332_0.html,1
广东省,佛山市,建设银行广东省佛山环市支行,佛山市禅城区普君北路8号首层,暂无,营业厅,https://bank.cngold.org/yhwd/bank_9_20_332_0.html,1
广东省,佛山市,建设银行广东省佛山南庄支行,佛山市禅城区南庄镇南庄大道西25号,暂无,营业厅,https://bank.cngold.org/yhwd/bank_9_20_332_0.html,1
广东省,佛山市,建设银行广东省佛山南建支行,佛山市禅城区南庄镇解放路2号之二,暂无,营业厅,https://bank.cngold.org/yhwd/bank_9_20_332_0.html,1
广东省,佛山市,建设银行广东省佛山建安支行,佛山市禅城区绿景路35号（绿景华庭2、3、4号铺）,暂无,营业厅,https://bank.cngold.org/yhwd/bank_9_20_332_0_2.html,2
广东省,佛山市,建设银行广东省佛山榴苑支行,佛山市禅城区榴苑路19号首层,暂无,营业厅,https://bank.cngold.org/yhwd/bank_9_20_332_0_2.html,2
广东省,佛山市,建设银行广东省佛山深村支行,佛山市禅城区黎明一路23号2区首层商铺P18-P21,暂无,营业厅,https://bank.cngold.org/yhwd/bank_9_20_332_0_2.html,2
广东省,佛山市,建设银行广东省佛山澜石支行,佛山市禅城区澜普路3号首层,暂无,营业厅,https://bank.cngold.org/yhwd/bank_9_20_332_0_2.html,2
广东省,佛山市,建设银行广东省佛山卫国支行,佛山市禅城区魁奇二路1号P12-16铺,暂无,营业厅,https://bank.cngold.org/yhwd/bank_9_20_332_0_2.html,2
广东省,佛山市,建设银行广东省佛山同华支行,佛山市禅城区金源街33号首层,暂无,营业厅,https://bank.cngold.org/yhwd/bank_9_20_332_0_2.html,2
广东省,佛山市,建设银行广东省佛山江湾支行,佛山市禅城区江湾一路30号,暂无,营业厅,https://bank.cngold.org/yhwd/bank_9_20_332_0_2.html,2
广东省,佛山市,建设银行广东省佛山石湾支行,佛山市禅城区江湾三路21号,暂无,营业厅,https://bank.cngold.org/yhwd/bank_9_20_332_0_2.html,2
广东省,佛山市,建设银行广东省佛山建新支行,佛山市禅城区建新路2号首层P2商铺,暂无,营业厅,https://bank.cngold.org/yhwd/bank_9_20_332_0_2.html,2
广东省,佛山市,建设银行广东省佛山建象支行,佛山市禅城区季华五路32号,暂无,营业厅,https://bank.cngold.org/yhwd/bank_9_20_332_0_2.html,2
广东省,佛山市,建设银行广东省佛山永新支行,佛山市禅城区湖景路21号P3、P4、P5、P6商铺,暂无,营业厅,https://bank.cngold.org/yhwd/bank_9_20_332_0_2.html,2
广东省,佛山市,建设银行广东省佛山大观支行,佛山市禅城区高基街186号首层,暂无,营业厅,https://bank.cngold.org/yhwd/bank_9_20_332_0_2.html,2
广东省,佛山市,建设银行广东省佛山升平支行,佛山市禅城区高基街120号2座首层,暂无,营业厅,https://bank.cngold.org/yhwd/bank_9_20_332_0_2.html,2
广东省,佛山市,建设银行广东省佛山锦华支行,佛山市禅城区福禄路120号,暂无,营业厅,https://bank.cngold.org/yhwd/bank_9_20_332_0_2.html,2
广东省,佛山市,建设银行广东省佛山建石支行,佛山市禅城区佛山大道南327号,暂无,营业厅,https://bank.cngold.org/yhwd/bank_9_20_332_0_2.html,2
广东省,佛山市,建设银行广东省佛山建营支行,佛山市禅城区汾江南路79号,暂无,营业厅,https://bank.cngold.org/yhwd/bank_9_20_332_0_3.html,3
广东省,佛山市,建设银行广东省佛山福宁支行,佛山市禅城区汾江南路131号P16-17铺,暂无,营业厅,https://bank.cngold.org/yhwd/bank_9_20_332_0_3.html,3
广东省,佛山市,建设银行广东省佛山汾南支行,佛山市禅城区汾江南路12号,暂无,营业厅,https://bank.cngold.org/yhwd/bank_9_20_332_0_3.html,3
广东省,佛山市,建设银行广东省佛山禅建支行,佛山市禅城区汾江南路126号,暂无,营业厅,https://bank.cngold.org/yhwd/bank_9_20_332_0_3.html,3
广东省,佛山市,建设银行广东省佛山敦厚支行,佛山市禅城区汾江北路18号首层,暂无,营业厅,https://bank.cngold.org/yhwd/bank_9_20_332_0_3.html,3
广东省,佛山市,建设银行广东省佛山新城支行,佛山市禅城区大福南路26号2区首层44-46商铺,暂无,营业厅,https://bank.cngold.org/yhwd/bank_9_20_332_0_3.html,3
广东省,佛山市,建设银行广东省佛山朝安南路支行,佛山市禅城区朝安南路63号B12、B13、B14、B15,暂无,营业厅,https://bank.cngold.org/yhwd/bank_9_20_332_0_3.html,3
广东省,佛山市,建设银行广东省佛山杏坛分理处,佛山市顺德区杏坛镇齐杏居委会环镇路12号（一，二层）,暂无,营业厅,https://bank.cngold.org/yhwd/bank_9_20_332_0_3.html,3
广东省,佛山市,建设银行广东省佛山宏悦分理处,佛山市顺德区容桂街道振华社区居民委员会桂洲大道中宏悦轩13号，风华路宏悦轩6号、7号、8号,暂无,营业厅,https://bank.cngold.org/yhwd/bank_9_20_332_0_3.html,3
广东省,佛山市,建设银行广东省佛山小王布分理处,佛山市顺德区容桂街道小王布村,暂无,营业厅,https://bank.cngold.org/yhwd/bank_9_20_332_0_3.html,3
广东省,佛山市,建设银行广东省佛山桂洲支行,佛山市顺德区容桂街道细滘居委会桂新西路7号首层、二层,暂无,营业厅,https://bank.cngold.org/yhwd/bank_9_20_332_0_3.html,3
广东省,佛山市,建设银行广东省佛山容奇支行,佛山市顺德区容桂街道容山居委会凤祥南路3号一至三层,暂无,营业厅,https://bank.cngold.org/yhwd/bank_9_20_332_0_3.html,3
广东省,佛山市,建设银行广东省佛山天佑支行,佛山市顺德区容桂街道办事处振华居委会富华路43号（12-15号铺）,暂无,营业厅,https://bank.cngold.org/yhwd/bank_9_20_332_0_3.html,3
广东省,佛山市,建设银行广东省佛山伦教支行,佛山市顺德区伦教伦常中路进雅名居4-9号商铺,暂无,营业厅,https://bank.cngold.org/yhwd/bank_9_20_332_0_3.html,3
广东省,佛山市,建设银行广东省佛山龙江支行,佛山市顺德区龙江镇文华路恒龙豪苑24-27号首层商铺,暂无,营业厅,https://bank.cngold.org/yhwd/bank_9_20_332_0_3.html,3
广东省,佛山市,建设银行广东省佛山建龙分理处,佛山市顺德区龙江镇苏溪居委会龙山材料城301之一地块三座3号,暂无,营业厅,https://bank.cngold.org/yhwd/bank_9_20_332_0_4.html,4
广东省,佛山市,建设银行广东省佛山金盈分理处,佛山市顺德区龙江镇丰华北路6号丽江豪庭3-4号,暂无,营业厅,https://bank.cngold.org/yhwd/bank_9_20_332_0_4.html,4
广东省,佛山市,建设银行广东省佛山汇盈支行,佛山市顺德区龙江镇325国道龙江路段A1地块130号首层A1-A2（敬龙家私布艺城内）,暂无,营业厅,https://bank.cngold.org/yhwd/bank_9_20_332_0_4.html,4
广东省,佛山市,建设银行广东省佛山乐从支行,佛山市顺德区乐从镇乐从社区居委会东区新华路B6号,暂无,营业厅,https://bank.cngold.org/yhwd/bank_9_20_332_0_4.html,4
广东省,佛山市,建设银行广东省佛山建顺分理处,佛山市顺德区乐从镇健登国际家私广场,暂无,营业厅,https://bank.cngold.org/yhwd/bank_9_20_332_0_4.html,4
广东省,佛山市,建设银行广东省佛山华滨支行,佛山市顺德区乐从镇河滨大道乐华东“怡盛豪庭”11、12、13、14、15号商铺,暂无,营业厅,https://bank.cngold.org/yhwd/bank_9_20_332_0_4.html,4
广东省,佛山市,建设银行广东省佛山勒流支行,佛山市顺德区勒流镇勒流居委会建设西路127号,暂无,营业厅,https://bank.cngold.org/yhwd/bank_9_20_332_0_4.html,4
广东省,佛山市,建设银行广东省佛山玫瑰苑分理处,佛山市顺德区大良镇延年路都市玫瑰苑18、19、20、21号铺,暂无,营业厅,https://bank.cngold.org/yhwd/bank_9_20_332_0_4.html,4
广东省,佛山市,建设银行广东省佛山锦绣分理处,佛山市顺德区大良街道云良路85号首层,暂无,营业厅,https://bank.cngold.org/yhwd/bank_9_20_332_0_4.html,4
广东省,佛山市,建设银行广东省佛山锦湖支行,佛山市顺德区大良街道文秀居委新基一路26号首二层,暂无,营业厅,https://bank.cngold.org/yhwd/bank_9_20_332_0_4.html,4
广东省,佛山市,建设银行广东省佛山大良支行,佛山市顺德区大良街道升平居委清晖路146号,暂无,营业厅,https://bank.cngold.org/yhwd/bank_9_20_332_0_4.html,4
广东省,佛山市,建设银行广东省佛山顺峰分理处,佛山市顺德区大良街道南江居委顺峰山工业区广珠公路边,暂无,营业厅,https://bank.cngold.org/yhwd/bank_9_20_332_0_4.html,4
广东省,佛山市,建设银行广东省佛山顺德支行,佛山市顺德区大良街道办事处金榜居委会鉴海北路326号,暂无,营业厅,https://bank.cngold.org/yhwd/bank_9_20_332_0_4.html,4
广东省,佛山市,建设银行广东省佛山樟村支行,佛山市顺德区陈村镇旧圩居委会合成路百花楼40、42号,暂无,营业厅,https://bank.cngold.org/yhwd/bank_9_20_332_0_4.html,4
广东省,佛山市,建设银行广东省佛山陈村支行,佛山市顺德区陈村镇佛陈路壹号顺联广场一号楼首层、二层,暂无,营业厅,https://bank.cngold.org/yhwd/bank_9_20_332_0_4.html,4
广东省,佛山市,建设银行广东省佛山建丰分理处,佛山市顺德区陈村镇白陈公路赤花路段顺联国际机械城一座14-15号,暂无,营业厅,https://bank.cngold.org/yhwd/bank_9_20_332_0_5.html,5
广东省,佛山市,建设银行广东省佛山北滘分理处,佛山市顺德区北滘镇北滘居委会新城区建设南东1、2座,暂无,营业厅,https://bank.cngold.org/yhwd/bank_9_20_332_0_5.html,5
广东省,佛山市,建设银行广东省佛山建信支行,佛山市三水区西南街张边路2号21—23号铺,暂无,营业厅,https://bank.cngold.org/yhwd/bank_9_20_332_0_5.html,5
广东省,佛山市,建设银行广东省佛山赤岗支行,佛山市三水区西南街园林路12号,暂无,营业厅,https://bank.cngold.org/yhwd/bank_9_20_332_0_5.html,5
广东省,佛山市,建设银行广东省佛山建新分理处,佛山市三水区西南街新华路四号之一,暂无,营业厅,https://bank.cngold.org/yhwd/bank_9_20_332_0_5.html,5
广东省,佛山市,建设银行广东省佛山建锋支行,佛山市三水区西南街文锋中路20号,暂无,营业厅,https://bank.cngold.org/yhwd/bank_9_20_332_0_5.html,5
广东省,佛山市,建设银行广东省佛山建乐分理处,佛山市三水区西南街康乐路39号,暂无,营业厅,https://bank.cngold.org/yhwd/bank_9_20_332_0_5.html,5
广东省,佛山市,建设银行广东省佛山建宏支行,佛山市三水区西南街广海大道中34号首层、二层,暂无,营业厅,https://bank.cngold.org/yhwd/bank_9_20_332_0_5.html,5
广东省,佛山市,建设银行广东省佛山建南支行,佛山市三水区西南街道健力宝南路5号108－113号,暂无,营业厅,https://bank.cngold.org/yhwd/bank_9_20_332_0_5.html,5
广东省,佛山市,建设银行广东省佛山建兴支行,佛山市三水区西南街道德兴路22号首层122号，21号，首层123号，22号之59、60、61、62,暂无,营业厅,https://bank.cngold.org/yhwd/bank_9_20_332_0_5.html,5
广东省,佛山市,建设银行广东省佛山南边支行,佛山市三水区乐平镇南边工业大道45号,暂无,营业厅,https://bank.cngold.org/yhwd/bank_9_20_332_0_5.html,5
广东省,佛山市,建设银行广东省佛山乐平支行,佛山市三水区乐平镇乐平大道12号,暂无,营业厅,https://bank.cngold.org/yhwd/bank_9_20_332_0_5.html,5
广东省,佛山市,建设银行广东省佛山白坭分理处,佛山市三水区白坭镇工业大道,暂无,营业厅,https://bank.cngold.org/yhwd/bank_9_20_332_0_5.html,5
广东省,佛山市,建设银行广东省佛山盐步支行,佛山市南海区盐步镇穗盐路沙涌路段时代广场首层3、4、5号商铺,暂无,营业厅,https://bank.cngold.org/yhwd/bank_9_20_332_0_5.html,5
广东省,佛山市,建设银行广东省佛山小塘支行,佛山市南海区小塘镇长安路14号、16号,暂无,营业厅,https://bank.cngold.org/yhwd/bank_9_20_332_0_5.html,5
广东省,佛山市,建设银行广东省佛山民建分理处,佛山市南海区西樵镇民乐城区综合市场C座1号,暂无,营业厅,https://bank.cngold.org/yhwd/bank_9_20_332_0_6.html,6
广东省,佛山市,建设银行广东省佛山樵建支行,佛山市南海区西樵镇江浦西路62、64号,暂无,营业厅,https://bank.cngold.org/yhwd/bank_9_20_332_0_6.html,6
广东省,佛山市,建设银行广东省佛山西樵支行,佛山市南海区西樵镇江浦东路马头岗银轩酒店首层,暂无,营业厅,https://bank.cngold.org/yhwd/bank_9_20_332_0_6.html,6
广东省,佛山市,建设银行广东省佛山松岗支行,佛山市南海区松岗镇松岗大道129号,暂无,营业厅,https://bank.cngold.org/yhwd/bank_9_20_332_0_6.html,6
广东省,佛山市,建设银行广东省佛山平建支行,佛山市南海区平洲镇永安中路禅平酒店首层,暂无,营业厅,https://bank.cngold.org/yhwd/bank_9_20_332_0_6.html,6
广东省,佛山市,建设银行广东省佛山平洲支行,佛山市南海区平洲永安北路19号,暂无,营业厅,https://bank.cngold.org/yhwd/bank_9_20_332_0_6.html,6
广东省,佛山市,建设银行广东省佛山丽晶支行,佛山市南海区南海大道五十四街区海六路南和基花园首层,暂无,营业厅,https://bank.cngold.org/yhwd/bank_9_20_332_0_6.html,6
广东省,佛山市,建设银行广东省佛山罗村支行,佛山市南海区罗村镇南湖一路6号,暂无,营业厅,https://bank.cngold.org/yhwd/bank_9_20_332_0_6.html,6
广东省,佛山市,建设银行广东省佛山乐安分理处,佛山市南海区罗村镇乐安联星大道粤丰汽配批发市场F2幢130号铺,暂无,营业厅,https://bank.cngold.org/yhwd/bank_9_20_332_0_6.html,6
广东省,佛山市,建设银行广东省佛山建银支行,佛山市南海区罗村镇城中路43号,暂无,营业厅,https://bank.cngold.org/yhwd/bank_9_20_332_0_6.html,6
广东省,佛山市,建设银行广东省佛山里水支行,佛山市南海区里水镇振兴路25号,暂无,营业厅,https://bank.cngold.org/yhwd/bank_9_20_332_0_6.html,6
广东省,佛山市,建设银行广东省佛山金信支行,佛山市南海区九江镇儒林西路46号,暂无,营业厅,https://bank.cngold.org/yhwd/bank_9_20_332_0_6.html,6
广东省,佛山市,建设银行广东省佛山九江支行,佛山市南海区九江镇洛浦大道永辉大厦,暂无,营业厅,https://bank.cngold.org/yhwd/bank_9_20_332_0_6.html,6
广东省,佛山市,建设银行广东省佛山黄岐支行,佛山市南海区黄岐岐西路岐江广场首层A、D、E座17-21号,暂无,营业厅,https://bank.cngold.org/yhwd/bank_9_20_332_0_6.html,6
广东省,佛山市,建设银行广东省佛山岐建支行,佛山市南海区黄岐鄱阳路154号,暂无,营业厅,https://bank.cngold.org/yhwd/bank_9_20_332_0_6.html,6
广东省,佛山市,建设银行广东省佛山花建分理处,佛山市南海区黄岐嘉洲花园西区商铺139-140号,暂无,营业厅,https://bank.cngold.org/yhwd/bank_9_20_332_0_7.html,7
广东省,佛山市,建设银行广东省佛山桂城支行,佛山市南海区桂城南新五路20号首层,暂无,营业厅,https://bank.cngold.org/yhwd/bank_9_20_332_0_7.html,7
广东省,佛山市,建设银行广东省佛山南海支行,佛山市南海区桂城南海大道建行大厦,暂无,营业厅,https://bank.cngold.org/yhwd/bank_9_20_332_0_7.html,7
广东省,佛山市,建设银行广东省佛山兴业支行,佛山市南海区桂城南海大道7号美豪村首层,暂无,营业厅,https://bank.cngold.org/yhwd/bank_9_20_332_0_7.html,7
广东省,佛山市,建设银行广东省佛山桂花园支行,佛山市南海区桂城南桂东路38号房地产发展大厦首层,暂无,营业厅,https://bank.cngold.org/yhwd/bank_9_20_332_0_7.html,7
广东省,佛山市,建设银行广东省佛山桂平支行,佛山市南海区桂城桂平西路3号怡翠花园海棠苑首层19、20、21、22、23号商铺,暂无,营业厅,https://bank.cngold.org/yhwd/bank_9_20_332_0_7.html,7
广东省,佛山市,建设银行广东省佛山海山支行,佛山市南海区桂城桂平西路2号鹿名居首层商场内商铺,暂无,营业厅,https://bank.cngold.org/yhwd/bank_9_20_332_0_7.html,7
广东省,佛山市,建设银行广东省佛山官窑支行,佛山市南海区官窑镇官窑大道56号,暂无,营业厅,https://bank.cngold.org/yhwd/bank_9_20_332_0_7.html,7
广东省,佛山市,建设银行广东省佛山丹灶支行,佛山市南海区丹灶镇工业大道2号,暂无,营业厅,https://bank.cngold.org/yhwd/bank_9_20_332_0_7.html,7
广东省,佛山市,建设银行广东省佛山沥星支行,佛山市南海区大沥图强路50号,暂无,营业厅,https://bank.cngold.org/yhwd/bank_9_20_332_0_7.html,7
广东省,佛山市,建设银行广东省佛山桂中支行,佛山市南海区大沥体育路3号之5建银大厦D座首层,暂无,营业厅,https://bank.cngold.org/yhwd/bank_9_20_332_0_7.html,7
广东省,佛山市,建设银行广东省佛山东建支行,佛山市南海区大沥体育路19号之一,暂无,营业厅,https://bank.cngold.org/yhwd/bank_9_20_332_0_7.html,7
广东省,佛山市,建设银行广东省佛山沥园支行,佛山市南海区大沥水头路12号大沥电信综合楼首层之一,暂无,营业厅,https://bank.cngold.org/yhwd/bank_9_20_332_0_7.html,7
广东省,佛山市,建设银行广东省佛山建强支行,佛山市南海区大沥沥苑路8号大沥房地产交易中心一楼、二楼,暂无,营业厅,https://bank.cngold.org/yhwd/bank_9_20_332_0_7.html,7
广东省,佛山市,建设银行广东省佛山大沥支行,佛山市南海区大沥江夏路段,暂无,营业厅,https://bank.cngold.org/yhwd/bank_9_20_332_0_7.html,7
广东省,佛山市,建设银行广东省佛山沥建支行,佛山市南海区大沥环镇路城区小学5号铺位,暂无,营业厅,https://bank.cngold.org/yhwd/bank_9_20_332_0_8.html,8
广东省,佛山市,建设银行广东省佛山季华支行,佛山市季华七路2号1-4座首层P102、P103、 P104、 P105 、P106、 P107号铺位,暂无,营业厅,https://bank.cngold.org/yhwd/bank_9_20_332_0_8.html,8
广东省,佛山市,建设银行广东省佛山建达支行,佛山市高明区荷城中心路鸿福花园C座首层7、8、9、10号铺位,暂无,营业厅,https://bank.cngold.org/yhwd/bank_9_20_332_0_8.html,8
广东省,佛山市,建设银行广东省佛山协华支行,佛山市高明区荷城文华路537号,暂无,营业厅,https://bank.cngold.org/yhwd/bank_9_20_332_0_8.html,8
广东省,佛山市,建设银行广东省佛山高明支行,佛山市高明区荷城文华路438号,暂无,营业厅,https://bank.cngold.org/yhwd/bank_9_20_332_0_8.html,8
广东省,佛山市,建设银行广东省佛山沧江支行,佛山市高明区荷城沧江路7号,暂无,营业厅,https://bank.cngold.org/yhwd/bank_9_20_332_0_8.html,8
广东省,佛山市,建设银行广东省佛山城中支行,佛山市高明区荷城沧江路184号,暂无,营业厅,https://bank.cngold.org/yhwd/bank_9_20_332_0_8.html,8
广东省,佛山市,建设银行广东省佛山三洲分理处,佛山市高明区碧桂园房地产开发有限公司商铺首层,暂无,营业厅,https://bank.cngold.org/yhwd/bank_9_20_332_0_8.html,8
广东省,韶关市,建设银行广东省韶关新丰分理处,新丰县丰城镇人民东路27号,暂无,营业厅,https://bank.cngold.org/yhwd/bank_9_20_333_0.html,1
广东省,韶关市,建设银行广东省韶关翁源支行,翁源县龙仙镇建设一路244、246、248号,暂无,营业厅,https://bank.cngold.org/yhwd/bank_9_20_333_0.html,1
广东省,韶关市,建设银行广东省韶关始兴支行,始兴县太平镇北门路138号,暂无,营业厅,https://bank.cngold.org/yhwd/bank_9_20_333_0.html,1
广东省,韶关市,建设银行广东省韶关南郊支行,韶关市浈江区南郊四公里韶南大道中3号内,暂无,营业厅,https://bank.cngold.org/yhwd/bank_9_20_333_0.html,1
广东省,韶关市,建设银行广东省韶关浈江支行,韶关市浈江启明北路1号,暂无,营业厅,https://bank.cngold.org/yhwd/bank_9_20_333_0.html,1
广东省,韶关市,建设银行广东省韶关北江支行,韶关市园前西路1号,暂无,营业厅,https://bank.cngold.org/yhwd/bank_9_20_333_0.html,1
广东省,韶关市,建设银行广东省韶关园前支行,韶关市熏风路16号之5、6号,暂无,营业厅,https://bank.cngold.org/yhwd/bank_9_20_333_0.html,1
广东省,韶关市,建设银行广东省韶关向阳支行,韶关市新华南路华园新村玫瑰大厦,暂无,营业厅,https://bank.cngold.org/yhwd/bank_9_20_333_0.html,1
广东省,韶关市,建设银行广东省韶关西郊支行,韶关市西河工业中路68号,暂无,营业厅,https://bank.cngold.org/yhwd/bank_9_20_333_0.html,1
广东省,韶关市,建设银行广东省韶关武江支行,韶关市武江区新建路1号,暂无,营业厅,https://bank.cngold.org/yhwd/bank_9_20_333_0.html,1
广东省,韶关市,建设银行广东省韶关沿江西路分理处,韶关市武江区沙洲尾沿江西路鸿雁花园首层南侧,暂无,营业厅,https://bank.cngold.org/yhwd/bank_9_20_333_0.html,1
广东省,韶关市,建设银行广东省韶关红星支行,韶关市水电局广韶大厦,暂无,营业厅,https://bank.cngold.org/yhwd/bank_9_20_333_0.html,1
广东省,韶关市,建设银行广东省韶关中华路分理处,韶关市曲江区马坝镇中华二路13号,暂无,营业厅,https://bank.cngold.org/yhwd/bank_9_20_333_0.html,1
广东省,韶关市,建设银行广东省韶关梨园支行,韶关市南郊三公里嘉信商厦一楼,暂无,营业厅,https://bank.cngold.org/yhwd/bank_9_20_333_0.html,1
广东省,韶关市,建设银行广东省韶关韶冶支行,韶关市南郊九公里冶炼厂综合大楼首层,暂无,营业厅,https://bank.cngold.org/yhwd/bank_9_20_333_0.html,1
广东省,韶关市,建设银行广东省韶关西堤分理处,韶关市解放路156号之二首层东边之二,暂无,营业厅,https://bank.cngold.org/yhwd/bank_9_20_333_0_2.html,2
广东省,韶关市,建设银行广东省韶关兴平支行,韶关市和平路联谊大厦首层东5号,暂无,营业厅,https://bank.cngold.org/yhwd/bank_9_20_333_0_2.html,2
广东省,韶关市,建设银行广东省韶关市分行营业部,韶关市光孝路6号,暂无,营业厅,https://bank.cngold.org/yhwd/bank_9_20_333_0_2.html,2
广东省,韶关市,建设银行广东省韶关风采分理处,韶关市风采路风采广场首层,暂无,营业厅,https://bank.cngold.org/yhwd/bank_9_20_333_0_2.html,2
广东省,韶关市,建设银行广东省韶关北郊支行,韶关市北江区十里亭建设北路,暂无,营业厅,https://bank.cngold.org/yhwd/bank_9_20_333_0_2.html,2
广东省,韶关市,建设银行广东省韶关西桥分理处,韶关市北江区风度路125号,暂无,营业厅,https://bank.cngold.org/yhwd/bank_9_20_333_0_2.html,2
广东省,韶关市,建设银行广东省韶关韶钢支行,韶关钢铁厂西区,暂无,营业厅,https://bank.cngold.org/yhwd/bank_9_20_333_0_2.html,2
广东省,韶关市,建设银行广东省韶关乳源支行,乳源县城鹰峰中路4号,暂无,营业厅,https://bank.cngold.org/yhwd/bank_9_20_333_0_2.html,2
广东省,韶关市,建设银行广东省韶关仁化支行,仁化县仁化镇建设路45号,暂无,营业厅,https://bank.cngold.org/yhwd/bank_9_20_333_0_2.html,2
广东省,韶关市,建设银行广东省韶关乌石支行,曲江县乌石镇韶关电厂,暂无,营业厅,https://bank.cngold.org/yhwd/bank_9_20_333_0_2.html,2
广东省,韶关市,建设银行广东省韶关曲江支行,曲江县马坝镇府前东路,暂无,营业厅,https://bank.cngold.org/yhwd/bank_9_20_333_0_2.html,2
广东省,韶关市,建设银行广东省韶关南雄支行,南雄市雄州镇大成街9号,暂无,营业厅,https://bank.cngold.org/yhwd/bank_9_20_333_0_2.html,2
广东省,韶关市,建设银行广东省韶关坪石分理处,乐昌市坪石镇金鸡南路30号,暂无,营业厅,https://bank.cngold.org/yhwd/bank_9_20_333_0_2.html,2
广东省,韶关市,建设银行广东省韶关乐昌支行,乐昌市乐城镇红星路69号,暂无,营业厅,https://bank.cngold.org/yhwd/bank_9_20_333_0_2.html,2
广东省,江门市,建设银行广东省江门台山附城分理处,台山市台城镇台东路94号102-107,暂无,营业厅,https://bank.cngold.org/yhwd/bank_9_20_334_0.html,1
广东省,江门市,建设银行广东省江门台山台东分理处,台山市台城镇台东路1号,暂无,营业厅,https://bank.cngold.org/yhwd/bank_9_20_334_0.html,1
广东省,江门市,建设银行广东省江门台山城南分理处,台山市台城镇上朗路264号,暂无,营业厅,https://bank.cngold.org/yhwd/bank_9_20_334_0.html,1
广东省,江门市,建设银行广东省江门台山城北分理处,台山市台城镇桥湖路81号102-104房,暂无,营业厅,https://bank.cngold.org/yhwd/bank_9_20_334_0.html,1
广东省,江门市,建设银行广东省江门台山桥湖分理处,台山市台城镇桥湖路58号,暂无,营业厅,https://bank.cngold.org/yhwd/bank_9_20_334_0.html,1
广东省,江门市,建设银行广东省台山支行,台山市台城镇桥湖路332号,暂无,营业厅,https://bank.cngold.org/yhwd/bank_9_20_334_0.html,1
广东省,江门市,建设银行广东省江门台山龙华分理处,台山市台城镇龙华里33号103房,暂无,营业厅,https://bank.cngold.org/yhwd/bank_9_20_334_0.html,1
广东省,江门市,建设银行广东省江门台山环球分理处,台山市台城镇环城南路128号,暂无,营业厅,https://bank.cngold.org/yhwd/bank_9_20_334_0.html,1
广东省,江门市,建设银行广东省江门台山环北分理处,台山市台城镇环北大道51号,暂无,营业厅,https://bank.cngold.org/yhwd/bank_9_20_334_0.html,1
广东省,江门市,建设银行广东省江门台山城东分理处,台山市台城镇富城大道110号之4前面新楼首层,暂无,营业厅,https://bank.cngold.org/yhwd/bank_9_20_334_0.html,1
广东省,江门市,建设银行广东省江门台山富华分理处,台山市台城镇东郊9号102房,暂无,营业厅,https://bank.cngold.org/yhwd/bank_9_20_334_0.html,1
广东省,江门市,建设银行广东省江门开平新华分理处,开平市新昌路14-16号,暂无,营业厅,https://bank.cngold.org/yhwd/bank_9_20_334_0.html,1
广东省,江门市,建设银行广东省江门开平水口分理处,开平市水口镇大宁路1-17号,暂无,营业厅,https://bank.cngold.org/yhwd/bank_9_20_334_0.html,1
广东省,江门市,建设银行广东省江门开平大兴分理处,开平市三埠镇新市路27号,暂无,营业厅,https://bank.cngold.org/yhwd/bank_9_20_334_0.html,1
广东省,江门市,建设银行广东省江门开平祥龙分理处,开平市三埠祥龙祥荻路42号首层,暂无,营业厅,https://bank.cngold.org/yhwd/bank_9_20_334_0.html,1
广东省,江门市,建设银行广东省江门开平卫东分理处,开平市三埠区长沙卫民路21号,暂无,营业厅,https://bank.cngold.org/yhwd/bank_9_20_334_0_2.html,2
广东省,江门市,建设银行广东省江门开平长沙分理处,开平市三埠区长沙东郊南区33号东四卡,暂无,营业厅,https://bank.cngold.org/yhwd/bank_9_20_334_0_2.html,2
广东省,江门市,建设银行广东省江门开平曙光分理处,开平市三埠长沙曙光西路50号101.102号,暂无,营业厅,https://bank.cngold.org/yhwd/bank_9_20_334_0_2.html,2
广东省,江门市,建设银行广东省江门开平赤坎分理处,开平市赤坎中华东路325号,暂无,营业厅,https://bank.cngold.org/yhwd/bank_9_20_334_0_2.html,2
广东省,江门市,建设银行广东省江门开平幸福分理处,开平市长沙区祥苑北路2-6幢首层110-113号,暂无,营业厅,https://bank.cngold.org/yhwd/bank_9_20_334_0_2.html,2
广东省,江门市,建设银行广东省江门开平东兴分理处,开平市长沙区幕涌东路12号107-110号铺位,暂无,营业厅,https://bank.cngold.org/yhwd/bank_9_20_334_0_2.html,2
广东省,江门市,建设银行广东省江门开平三江分理处,开平市长沙侨园路102号,暂无,营业厅,https://bank.cngold.org/yhwd/bank_9_20_334_0_2.html,2
广东省,江门市,建设银行广东省开平支行,开平市长沙开华路44号,暂无,营业厅,https://bank.cngold.org/yhwd/bank_9_20_334_0_2.html,2
广东省,江门市,建设银行广东省江门育德分理处,江门市育德街9号106、107铺位,暂无,营业厅,https://bank.cngold.org/yhwd/bank_9_20_334_0_2.html,2
广东省,江门市,建设银行广东省江门东观分理处,江门市永康二街9号103、104、105、106号,暂无,营业厅,https://bank.cngold.org/yhwd/bank_9_20_334_0_2.html,2
广东省,江门市,建设银行广东省江门百汇分理处,江门市迎宾路174-186号江门市人民政府行政服务总汇内,暂无,营业厅,https://bank.cngold.org/yhwd/bank_9_20_334_0_2.html,2
广东省,江门市,建设银行广东省江门迎宾支行,江门市迎宾大道中46号-6、丰裕路2号,暂无,营业厅,https://bank.cngold.org/yhwd/bank_9_20_334_0_2.html,2
广东省,江门市,建设银行广东省江门北街支行,江门市迎宾大道东29号,暂无,营业厅,https://bank.cngold.org/yhwd/bank_9_20_334_0_2.html,2
广东省,江门市,建设银行广东省江门南宁分理处,江门市新会区朱紫路42号首层,暂无,营业厅,https://bank.cngold.org/yhwd/bank_9_20_334_0_2.html,2
广东省,江门市,建设银行广东省江门中心南分理处,江门市新会区中心南路21号,暂无,营业厅,https://bank.cngold.org/yhwd/bank_9_20_334_0_2.html,2
广东省,江门市,建设银行广东省江门环城分理处,江门市新会区新桥路21号,暂无,营业厅,https://bank.cngold.org/yhwd/bank_9_20_334_0_3.html,3
广东省,江门市,建设银行广东省江门西隅分理处,江门市新会区西隅路32号,暂无,营业厅,https://bank.cngold.org/yhwd/bank_9_20_334_0_3.html,3
广东省,江门市,建设银行广东省江门司前分理处,江门市新会区司前镇前进东路柏菱酒店地下,暂无,营业厅,https://bank.cngold.org/yhwd/bank_9_20_334_0_3.html,3
广东省,江门市,建设银行广东省江门今古洲分理处,江门市新会区三和大道南路47号,暂无,营业厅,https://bank.cngold.org/yhwd/bank_9_20_334_0_3.html,3
广东省,江门市,建设银行广东省江门侨建分理处,江门市新会区侨乐路7号,暂无,营业厅,https://bank.cngold.org/yhwd/bank_9_20_334_0_3.html,3
广东省,江门市,建设银行广东省江门东庆分理处,江门市新会区会城镇振兴二路16号108,暂无,营业厅,https://bank.cngold.org/yhwd/bank_9_20_334_0_3.html,3
广东省,江门市,建设银行广东省江门人民分理处,江门市新会区会城镇人民路1号101-3、102-1、102-2、102-3、103,暂无,营业厅,https://bank.cngold.org/yhwd/bank_9_20_334_0_3.html,3
广东省,江门市,建设银行广东省江门中心分理处,江门市新会区会城镇仁寿路69、71、73号,暂无,营业厅,https://bank.cngold.org/yhwd/bank_9_20_334_0_3.html,3
广东省,江门市,建设银行广东省江门平安分理处,江门市新会区会城镇惠民东路24号,暂无,营业厅,https://bank.cngold.org/yhwd/bank_9_20_334_0_3.html,3
广东省,江门市,建设银行广东省新会支行,江门市新会区会城镇冈州大道中84号,暂无,营业厅,https://bank.cngold.org/yhwd/bank_9_20_334_0_3.html,3
广东省,江门市,建设银行广东省江门同德分理处,江门市新会区会城同德二路8号名苑华庭47座101-105号,暂无,营业厅,https://bank.cngold.org/yhwd/bank_9_20_334_0_3.html,3
广东省,江门市,建设银行广东省江门东门分理处,江门市新会区会城侨兴北路16号1座103-105,暂无,营业厅,https://bank.cngold.org/yhwd/bank_9_20_334_0_3.html,3
广东省,江门市,建设银行广东省江门圭峰分理处,江门市新会区会城北园新村22座首层,暂无,营业厅,https://bank.cngold.org/yhwd/bank_9_20_334_0_3.html,3
广东省,江门市,建设银行广东省江门城区支行,江门市西区大道6号,暂无,营业厅,https://bank.cngold.org/yhwd/bank_9_20_334_0_3.html,3
广东省,江门市,建设银行广东省江门外海支行,江门市外海中华大道20号,暂无,营业厅,https://bank.cngold.org/yhwd/bank_9_20_334_0_3.html,3
广东省,江门市,建设银行广东省江门东风支行,江门市胜利北路8号,暂无,营业厅,https://bank.cngold.org/yhwd/bank_9_20_334_0_4.html,4
广东省,江门市,建设银行广东省江门院士路分理处,江门市蓬江区院士路2号105、107、129－132商铺,暂无,营业厅,https://bank.cngold.org/yhwd/bank_9_20_334_0_4.html,4
广东省,江门市,建设银行广东省江门江林支行,江门市农林横路14号,暂无,营业厅,https://bank.cngold.org/yhwd/bank_9_20_334_0_4.html,4
广东省,江门市,建设银行广东省江门象山支行,江门市农林东路28号首层10-11A-C轴、28号101-105号铺位及28号201首层,暂无,营业厅,https://bank.cngold.org/yhwd/bank_9_20_334_0_4.html,4
广东省,江门市,建设银行广东省江门江会支行,江门市江会路3号,暂无,营业厅,https://bank.cngold.org/yhwd/bank_9_20_334_0_4.html,4
广东省,江门市,建设银行广东省江门江华支行,江门市江华一路108号,暂无,营业厅,https://bank.cngold.org/yhwd/bank_9_20_334_0_4.html,4
广东省,江门市,建设银行广东省江门盛华分理处,江门市江华二路6号104、105、106、107、108号,暂无,营业厅,https://bank.cngold.org/yhwd/bank_9_20_334_0_4.html,4
广东省,江门市,建设银行广东省江门高新区分理处,江门市江海区金瓯路288号,暂无,营业厅,https://bank.cngold.org/yhwd/bank_9_20_334_0_4.html,4
广东省,江门市,建设银行广东省江门江翠支行,江门市江翠路110号,暂无,营业厅,https://bank.cngold.org/yhwd/bank_9_20_334_0_4.html,4
广东省,江门市,建设银行广东省江门跃进支行,江门市建设路36号,暂无,营业厅,https://bank.cngold.org/yhwd/bank_9_20_334_0_4.html,4
广东省,江门市,建设银行广东省江门建设支行,江门市建设路13号,暂无,营业厅,https://bank.cngold.org/yhwd/bank_9_20_334_0_4.html,4
广东省,江门市,建设银行广东省江门市分行,江门市建设二路102号,暂无,营业厅,https://bank.cngold.org/yhwd/bank_9_20_334_0_4.html,4
广东省,江门市,建设银行广东省江门直属支行,江门市港口一路90号,暂无,营业厅,https://bank.cngold.org/yhwd/bank_9_20_334_0_4.html,4
广东省,江门市,建设银行广东省江门港口支行,江门市港口路一路144号,暂无,营业厅,https://bank.cngold.org/yhwd/bank_9_20_334_0_4.html,4
广东省,江门市,建设银行广东省江门甘化支行,江门市甘化厂内榴花阁首层,暂无,营业厅,https://bank.cngold.org/yhwd/bank_9_20_334_0_4.html,4
广东省,江门市,建设银行广东省江门堤东支行,江门市堤东区江华里5号,暂无,营业厅,https://bank.cngold.org/yhwd/bank_9_20_334_0_5.html,5
广东省,江门市,建设银行广东省江门鹤山前进分理处,鹤山市沙坪镇中山路119、121、123、125号,暂无,营业厅,https://bank.cngold.org/yhwd/bank_9_20_334_0_5.html,5
广东省,江门市,建设银行广东省江门鹤山永安分理处,鹤山市沙坪镇银行路31、33号,暂无,营业厅,https://bank.cngold.org/yhwd/bank_9_20_334_0_5.html,5
广东省,江门市,建设银行广东省江门鹤山新城分理处,鹤山市沙坪镇新华路183、185号首层及二层,暂无,营业厅,https://bank.cngold.org/yhwd/bank_9_20_334_0_5.html,5
广东省,江门市,建设银行广东省江门鹤山建新分理处,鹤山市沙坪镇新湖路7号,暂无,营业厅,https://bank.cngold.org/yhwd/bank_9_20_334_0_5.html,5
广东省,江门市,建设银行广东省鹤山支行,鹤山市沙坪镇新鹤路120、122、124号，裕民路28、30号,暂无,营业厅,https://bank.cngold.org/yhwd/bank_9_20_334_0_5.html,5
广东省,江门市,建设银行广东省江门鹤山城中分理处,鹤山市沙坪镇新城路28号、30号、32号,暂无,营业厅,https://bank.cngold.org/yhwd/bank_9_20_334_0_5.html,5
广东省,江门市,建设银行广东省江门鹤山文明分理处,鹤山市沙坪镇文明路5号,暂无,营业厅,https://bank.cngold.org/yhwd/bank_9_20_334_0_5.html,5
广东省,江门市,建设银行广东省恩平支行,恩平市恩新东路2号,暂无,营业厅,https://bank.cngold.org/yhwd/bank_9_20_334_0_5.html,5
广东省,湛江市,建设银行广东省湛江文明分理处,湛江霞山区文明中路12号,暂无,营业厅,https://bank.cngold.org/yhwd/bank_9_20_335_0.html,1
广东省,湛江市,建设银行广东省湛江解放东分理处,湛江霞山区民治分理处145号,暂无,营业厅,https://bank.cngold.org/yhwd/bank_9_20_335_0.html,1
广东省,湛江市,建设银行广东省湛江民享支行,湛江霞山区民享路24号,暂无,营业厅,https://bank.cngold.org/yhwd/bank_9_20_335_0.html,1
广东省,湛江市,建设银行广东省湛江海景分理处,湛江霞山海宁路2号,暂无,营业厅,https://bank.cngold.org/yhwd/bank_9_20_335_0.html,1
广东省,湛江市,建设银行广东省湛江港口支行,湛江市霞山人民东一路4号,暂无,营业厅,https://bank.cngold.org/yhwd/bank_9_20_335_0.html,1
广东省,湛江市,建设银行广东省湛江人民南支行,湛江市霞山人民大道南82号,暂无,营业厅,https://bank.cngold.org/yhwd/bank_9_20_335_0.html,1
广东省,湛江市,建设银行广东省湛江海景北分理处,湛江市霞山区人民大道南45号,暂无,营业厅,https://bank.cngold.org/yhwd/bank_9_20_335_0.html,1
广东省,湛江市,建设银行广东省湛江民有分理处,湛江市霞山区民有路2号1号商铺,暂无,营业厅,https://bank.cngold.org/yhwd/bank_9_20_335_0.html,1
广东省,湛江市,建设银行广东省湛江湖光分理处,湛江市霞山区湖光路15号,暂无,营业厅,https://bank.cngold.org/yhwd/bank_9_20_335_0.html,1
广东省,湛江市,建设银行广东省湛江海滨支行,湛江市霞山海景路196号,暂无,营业厅,https://bank.cngold.org/yhwd/bank_9_20_335_0.html,1
广东省,湛江市,建设银行广东省湛江海昌分理处,湛江市霞山海昌路20号,暂无,营业厅,https://bank.cngold.org/yhwd/bank_9_20_335_0.html,1
广东省,湛江市,建设银行广东省湛江开发区支行,湛江市人民大道中34号,暂无,营业厅,https://bank.cngold.org/yhwd/bank_9_20_335_0.html,1
广东省,湛江市,建设银行广东省湛江霞山支行,湛江市人民大道南36号,暂无,营业厅,https://bank.cngold.org/yhwd/bank_9_20_335_0.html,1
广东省,湛江市,建设银行广东省湛江南油支行,湛江市坡头区南调路60号,暂无,营业厅,https://bank.cngold.org/yhwd/bank_9_20_335_0.html,1
广东省,湛江市,建设银行广东省湛江麻章支行,湛江市麻章区瑞云中路95号,暂无,营业厅,https://bank.cngold.org/yhwd/bank_9_20_335_0.html,1
广东省,湛江市,建设银行广东省湛江荷花分理处,湛江市解放西路28号,暂无,营业厅,https://bank.cngold.org/yhwd/bank_9_20_335_0_2.html,2
广东省,湛江市,建设银行广东省湛江霞海分理处,湛江市海滨大道中118号,暂无,营业厅,https://bank.cngold.org/yhwd/bank_9_20_335_0_2.html,2
广东省,湛江市,建设银行广东省湛江海滨三分理处,湛江市海滨大道中10号商场首层14-16铺面,暂无,营业厅,https://bank.cngold.org/yhwd/bank_9_20_335_0_2.html,2
广东省,湛江市,建设银行广东省湛江东海支行,湛江市东海岛东山镇交通路18号,暂无,营业厅,https://bank.cngold.org/yhwd/bank_9_20_335_0_2.html,2
广东省,湛江市,建设银行广东省湛江南桥支行,湛江市赤坎区椹川大道99号,暂无,营业厅,https://bank.cngold.org/yhwd/bank_9_20_335_0_2.html,2
广东省,湛江市,建设银行广东省湛江寸金支行,湛江市赤坎区寸金路26号,暂无,营业厅,https://bank.cngold.org/yhwd/bank_9_20_335_0_2.html,2
广东省,湛江市,建设银行广东省湛江分行营业室,湛江人民大道中46号,暂无,营业厅,https://bank.cngold.org/yhwd/bank_9_20_335_0_2.html,2
广东省,湛江市,建设银行广东省湛江一区分理处,湛江人民大道中23号,暂无,营业厅,https://bank.cngold.org/yhwd/bank_9_20_335_0_2.html,2
广东省,湛江市,建设银行广东省湛江调丰分理处,湛江赤坎区五一路32号2_3号,暂无,营业厅,https://bank.cngold.org/yhwd/bank_9_20_335_0_2.html,2
广东省,湛江市,建设银行广东省湛江农林分理处,湛江赤坎寸金二横路８号,暂无,营业厅,https://bank.cngold.org/yhwd/bank_9_20_335_0_2.html,2
广东省,湛江市,建设银行广东省湛江跃进支行,跃进路79号,暂无,营业厅,https://bank.cngold.org/yhwd/bank_9_20_335_0_2.html,2
广东省,湛江市,建设银行广东省湛江徐闻分理处,徐闻县徐城镇红旗二路146号,暂无,营业厅,https://bank.cngold.org/yhwd/bank_9_20_335_0_2.html,2
广东省,湛江市,建设银行广东省湛江吴川支行,吴川市人民东路建行大厦,暂无,营业厅,https://bank.cngold.org/yhwd/bank_9_20_335_0_2.html,2
广东省,湛江市,建设银行广东省湛江遂溪支行,遂溪县遂城镇中山路157号,暂无,营业厅,https://bank.cngold.org/yhwd/bank_9_20_335_0_2.html,2
广东省,湛江市,建设银行广东省湛江市政服务中心分理处,人民大道北57号车城二楼,暂无,营业厅,https://bank.cngold.org/yhwd/bank_9_20_335_0_2.html,2
广东省,湛江市,建设银行广东省湛江八一分理处,南海舰队驻麻斜基地院内,暂无,营业厅,https://bank.cngold.org/yhwd/bank_9_20_335_0_3.html,3
广东省,湛江市,建设银行广东省湛江廉江塘山分理处,廉江市塘山路31号,暂无,营业厅,https://bank.cngold.org/yhwd/bank_9_20_335_0_3.html,3
广东省,湛江市,建设银行广东省湛江廉江支行,廉江市南市北路33号,暂无,营业厅,https://bank.cngold.org/yhwd/bank_9_20_335_0_3.html,3
广东省,湛江市,建设银行广东省湛江雷州支行,雷州市雷城镇群众大道008号,暂无,营业厅,https://bank.cngold.org/yhwd/bank_9_20_335_0_3.html,3
广东省,湛江市,建设银行广东省湛江雷州群众分理处,雷州市雷城镇群众大道002号,暂无,营业厅,https://bank.cngold.org/yhwd/bank_9_20_335_0_3.html,3
广东省,湛江市,建设银行广东省湛江赤坎支行,康顺路21号,暂无,营业厅,https://bank.cngold.org/yhwd/bank_9_20_335_0_3.html,3
广东省,湛江市,建设银行广东省湛江海棠支行,海棠路32号,暂无,营业厅,https://bank.cngold.org/yhwd/bank_9_20_335_0_3.html,3
广东省,湛江市,建设银行广东省湛江光复支行,光复路33-41号,暂无,营业厅,https://bank.cngold.org/yhwd/bank_9_20_335_0_3.html,3
广东省,湛江市,建设银行广东省湛江调顺支行,赤坎区湾北路8号,暂无,营业厅,https://bank.cngold.org/yhwd/bank_9_20_335_0_3.html,3
广东省,湛江市,建设银行广东省湛江电厂支行,赤坎区调顺路168号,暂无,营业厅,https://bank.cngold.org/yhwd/bank_9_20_335_0_3.html,3
广东省,湛江市,建设银行广东省湛江百园支行,百园路37号,暂无,营业厅,https://bank.cngold.org/yhwd/bank_9_20_335_0_3.html,3
广东省,湛江市,建设银行广东省湛江凯成储蓄所,湛江霞山海昌路5号凯成商住楼首层7-8铺面,暂无,营业厅,https://bank.cngold.org/yhwd/bank_9_20_335_0_3.html,3
广东省,湛江市,建设银行广东省湛江创新储蓄所,湛江市霞山人民大道南6号,暂无,营业厅,https://bank.cngold.org/yhwd/bank_9_20_335_0_3.html,3
广东省,湛江市,建设银行广东省湛江云海储蓄所,湛江市海滨大道中南49号,暂无,营业厅,https://bank.cngold.org/yhwd/bank_9_20_335_0_3.html,3
广东省,湛江市,建设银行广东省湛江兴发园储蓄所,湛江市海滨大道,暂无,营业厅,https://bank.cngold.org/yhwd/bank_9_20_335_0_3.html,3
广东省,湛江市,建设银行广东省湛江华景储蓄所,湛江市东园路18号,暂无,营业厅,https://bank.cngold.org/yhwd/bank_9_20_335_0_4.html,4
广东省,湛江市,建设银行广东省湛江民主储蓄所,湛江市赤坎区九二一路潮洲塘小区商业城18号A栋119-126档铺,暂无,营业厅,https://bank.cngold.org/yhwd/bank_9_20_335_0_4.html,4
广东省,湛江市,建设银行广东省湛江建新储蓄所,霞山区建新西路5号盈福苑商住楼首层,暂无,营业厅,https://bank.cngold.org/yhwd/bank_9_20_335_0_4.html,4
广东省,湛江市,建设银行广东省湛江吴川解放储蓄所,吴川市解放路75号,暂无,营业厅,https://bank.cngold.org/yhwd/bank_9_20_335_0_4.html,4
广东省,湛江市,建设银行广东省湛江二区储蓄所,坡头区南油二区娱乐中心一楼,暂无,营业厅,https://bank.cngold.org/yhwd/bank_9_20_335_0_4.html,4
广东省,湛江市,建设银行广东省湛江五区储蓄所,坡头区麻贯路1号,暂无,营业厅,https://bank.cngold.org/yhwd/bank_9_20_335_0_4.html,4
广东省,茂名市,建设银行广东省茂名信宜城中分理处,信宜市新尚路2号,暂无,营业厅,https://bank.cngold.org/yhwd/bank_9_20_336_0.html,1
广东省,茂名市,建设银行广东省茂名信宜新里分理处,信宜市新尚路21号,暂无,营业厅,https://bank.cngold.org/yhwd/bank_9_20_336_0.html,1
广东省,茂名市,建设银行广东省信宜市支行,信宜市红旗路13号,暂无,营业厅,https://bank.cngold.org/yhwd/bank_9_20_336_0.html,1
广东省,茂名市,建设银行广东省茂名站前分理处,茂名市站前五路123号大院1、2、3号梯首层1-5号商铺,暂无,营业厅,https://bank.cngold.org/yhwd/bank_9_20_336_0.html,1
广东省,茂名市,建设银行广东省茂名市分行营业室,茂名市油城四路90号,暂无,营业厅,https://bank.cngold.org/yhwd/bank_9_20_336_0.html,1
广东省,茂名市,建设银行广东省茂名河西支行,茂名市油城三路317号,暂无,营业厅,https://bank.cngold.org/yhwd/bank_9_20_336_0.html,1
广东省,茂名市,建设银行广东省茂名油城六路分理处,茂名市油城六路39号,暂无,营业厅,https://bank.cngold.org/yhwd/bank_9_20_336_0.html,1
广东省,茂名市,建设银行广东省茂名油城八路分理处,茂名市油城八路13号,暂无,营业厅,https://bank.cngold.org/yhwd/bank_9_20_336_0.html,1
广东省,茂名市,建设银行广东省茂名迎宾分理处,茂名市迎宾路150号2栋一楼西侧1-3号商铺,暂无,营业厅,https://bank.cngold.org/yhwd/bank_9_20_336_0.html,1
广东省,茂名市,建设银行广东省茂名东山分理处,茂名市迎宾路128号大院13、14、15号首层1-2号房,暂无,营业厅,https://bank.cngold.org/yhwd/bank_9_20_336_0.html,1
广东省,茂名市,建设银行广东省茂名河东支行,茂名市迎宾二路1号,暂无,营业厅,https://bank.cngold.org/yhwd/bank_9_20_336_0.html,1
广东省,茂名市,建设银行广东省茂名文明南分理处,茂名市文明南路乙烯商业走廊27号,暂无,营业厅,https://bank.cngold.org/yhwd/bank_9_20_336_0.html,1
广东省,茂名市,建设银行广东省茂名金山分理处,茂名市文明南路茂石化公司生活新区西大门北侧1-4号铺位,暂无,营业厅,https://bank.cngold.org/yhwd/bank_9_20_336_0.html,1
广东省,茂名市,建设银行广东省茂名为民分理处,茂名市为民路99号大院,暂无,营业厅,https://bank.cngold.org/yhwd/bank_9_20_336_0.html,1
广东省,茂名市,建设银行广东省茂名双山三路分理处,茂名市双山三路13号,暂无,营业厅,https://bank.cngold.org/yhwd/bank_9_20_336_0.html,1
广东省,茂名市,建设银行广东省茂名计星路分理处,茂名市双山二路146、148、150号首层,暂无,营业厅,https://bank.cngold.org/yhwd/bank_9_20_336_0_2.html,2
广东省,茂名市,建设银行广东省茂名金阳分理处,茂名市人民南路口岸南街29号,暂无,营业厅,https://bank.cngold.org/yhwd/bank_9_20_336_0_2.html,2
广东省,茂名市,建设银行广东省茂名朝阳分理处,茂名市人民南路198号,暂无,营业厅,https://bank.cngold.org/yhwd/bank_9_20_336_0_2.html,2
广东省,茂名市,建设银行广东省茂名人民南分理处,茂名市人民南路15号,暂无,营业厅,https://bank.cngold.org/yhwd/bank_9_20_336_0_2.html,2
广东省,茂名市,建设银行广东省茂名新福支行,茂名市人民南路134号,暂无,营业厅,https://bank.cngold.org/yhwd/bank_9_20_336_0_2.html,2
广东省,茂名市,建设银行广东省茂名人民北路支行,茂名市人民北路50号,暂无,营业厅,https://bank.cngold.org/yhwd/bank_9_20_336_0_2.html,2
广东省,茂名市,建设银行广东省茂名春晖分理处,茂名市人民北路28号,暂无,营业厅,https://bank.cngold.org/yhwd/bank_9_20_336_0_2.html,2
广东省,茂名市,建设银行广东省茂名新星分理处,茂名市茂水公路东侧9号,暂无,营业厅,https://bank.cngold.org/yhwd/bank_9_20_336_0_2.html,2
广东省,茂名市,建设银行广东省茂名龙山路分理处,茂名市龙山路市物资局综合楼底层3号,暂无,营业厅,https://bank.cngold.org/yhwd/bank_9_20_336_0_2.html,2
广东省,茂名市,建设银行广东省茂名龙湖分理处,茂名市龙湖二街5号,暂无,营业厅,https://bank.cngold.org/yhwd/bank_9_20_336_0_2.html,2
广东省,茂名市,建设银行广东省茂名石油支行,茂名市红旗中路128号,暂无,营业厅,https://bank.cngold.org/yhwd/bank_9_20_336_0_2.html,2
广东省,茂名市,建设银行广东省茂名文光分理处,茂名市光华南路136号,暂无,营业厅,https://bank.cngold.org/yhwd/bank_9_20_336_0_2.html,2
广东省,茂名市,建设银行广东省茂名光华北路分理处,茂名市光华北路237、239、241号首层5、6、7、8、9号商铺,暂无,营业厅,https://bank.cngold.org/yhwd/bank_9_20_336_0_2.html,2
广东省,茂名市,建设银行广东省茂名官山西路支行,茂名市官山西路38号,暂无,营业厅,https://bank.cngold.org/yhwd/bank_9_20_336_0_2.html,2
广东省,茂名市,建设银行广东省茂名文明北路分理处,茂名市官山四路二号大院办公大楼一楼西侧商铺,暂无,营业厅,https://bank.cngold.org/yhwd/bank_9_20_336_0_2.html,2
广东省,茂名市,建设银行广东省茂名官山东分理处,茂名市官山三路1号楼7-9号,暂无,营业厅,https://bank.cngold.org/yhwd/bank_9_20_336_0_3.html,3
广东省,茂名市,建设银行广东省茂名官渡支行,茂名市官渡路118号,暂无,营业厅,https://bank.cngold.org/yhwd/bank_9_20_336_0_3.html,3
广东省,茂名市,建设银行广东省茂名方兴分理处,茂名市方兴一街138号,暂无,营业厅,https://bank.cngold.org/yhwd/bank_9_20_336_0_3.html,3
广东省,茂名市,建设银行广东省茂名化州上街垌分理处,化州市上街垌上街路33号,暂无,营业厅,https://bank.cngold.org/yhwd/bank_9_20_336_0_3.html,3
广东省,茂名市,建设银行广东省茂名化州光明分理处,化州市桔城中路45号,暂无,营业厅,https://bank.cngold.org/yhwd/bank_9_20_336_0_3.html,3
广东省,茂名市,建设银行广东省茂名化州东风分理处,化州市桔城西路39号,暂无,营业厅,https://bank.cngold.org/yhwd/bank_9_20_336_0_3.html,3
广东省,茂名市,建设银行广东省化州市支行,化州市北岸区罗江南路32号,暂无,营业厅,https://bank.cngold.org/yhwd/bank_9_20_336_0_3.html,3
广东省,茂名市,建设银行广东省茂名高州府前分理处,高州市中山路59号,暂无,营业厅,https://bank.cngold.org/yhwd/bank_9_20_336_0_3.html,3
广东省,茂名市,建设银行广东省茂名高州坡头分理处,高州市文明路38号,暂无,营业厅,https://bank.cngold.org/yhwd/bank_9_20_336_0_3.html,3
广东省,茂名市,建设银行广东省茂名高州光明分理处,高州市潘州东路197号,暂无,营业厅,https://bank.cngold.org/yhwd/bank_9_20_336_0_3.html,3
广东省,茂名市,建设银行广东省茂名高州东方分理处,高州市南新路16号,暂无,营业厅,https://bank.cngold.org/yhwd/bank_9_20_336_0_3.html,3
广东省,茂名市,建设银行广东省高州市支行,高州市府前路57号,暂无,营业厅,https://bank.cngold.org/yhwd/bank_9_20_336_0_3.html,3
广东省,茂名市,建设银行广东省茂名电白政法路分理处,电白县水东镇政法路4号,暂无,营业厅,https://bank.cngold.org/yhwd/bank_9_20_336_0_3.html,3
广东省,茂名市,建设银行广东省电白县支行,电白县水东镇新湖路63号,暂无,营业厅,https://bank.cngold.org/yhwd/bank_9_20_336_0_3.html,3
广东省,茂名市,建设银行广东省茂名电白人民路分理处,电白县水东镇人民路25号,暂无,营业厅,https://bank.cngold.org/yhwd/bank_9_20_336_0_3.html,3
广东省,茂名市,建设银行广东省茂名电白三角区分理处,电白县水东镇人民北路33号,暂无,营业厅,https://bank.cngold.org/yhwd/bank_9_20_336_0_4.html,4
广东省,茂名市,建设银行广东省茂名电白东海分理处,电白县水东镇东阳北街60号,暂无,营业厅,https://bank.cngold.org/yhwd/bank_9_20_336_0_4.html,4
广东省,肇庆市,建设银行广东省肇庆芙蓉支行,肇庆市芙蓉路芙蓉东街16号芙蓉轩首层第131-133号商铺,暂无,营业厅,https://bank.cngold.org/yhwd/bank_9_20_337_0.html,1
广东省,肇庆市,建设银行广东省肇庆天宁支行,肇庆市天宁北路70号花园大厦13、14、15号商铺,暂无,营业厅,https://bank.cngold.org/yhwd/bank_9_20_337_0.html,1
广东省,肇庆市,建设银行广东省肇庆宋城东分理处,肇庆市宋城东路鸿都楼商铺10-14卡首层及夹层,暂无,营业厅,https://bank.cngold.org/yhwd/bank_9_20_337_0.html,1
广东省,肇庆市,建设银行广东省肇庆芹田路支行,肇庆市芹田路5幢6号,暂无,营业厅,https://bank.cngold.org/yhwd/bank_9_20_337_0.html,1
广东省,肇庆市,建设银行广东省肇庆文明路支行,肇庆市建设三路34号文明花苑综合楼首层11号商铺8-10号仓库,暂无,营业厅,https://bank.cngold.org/yhwd/bank_9_20_337_0.html,1
广东省,肇庆市,建设银行广东省肇庆市分行营业部,肇庆市建设二路85号,暂无,营业厅,https://bank.cngold.org/yhwd/bank_9_20_337_0.html,1
广东省,肇庆市,建设银行广东省肇庆前进分理处,肇庆市建设二路17号首层14-17、18号之一,暂无,营业厅,https://bank.cngold.org/yhwd/bank_9_20_337_0.html,1
广东省,肇庆市,建设银行广东省肇庆火车站支行,肇庆市火车站站北路,暂无,营业厅,https://bank.cngold.org/yhwd/bank_9_20_337_0.html,1
广东省,肇庆市,建设银行广东省肇庆公正支行,肇庆市古塔中路19号综合楼2-6卡,暂无,营业厅,https://bank.cngold.org/yhwd/bank_9_20_337_0.html,1
广东省,肇庆市,建设银行广东省肇庆工农支行,肇庆市工农北路12号1幢首层1号商场,暂无,营业厅,https://bank.cngold.org/yhwd/bank_9_20_337_0.html,1
广东省,肇庆市,建设银行广东省肇庆端州四路分理处,肇庆市端州四路1号盛福楼首层,暂无,营业厅,https://bank.cngold.org/yhwd/bank_9_20_337_0.html,1
广东省,肇庆市,建设银行广东省肇庆城西分理处,肇庆市端州七路9号首层,暂无,营业厅,https://bank.cngold.org/yhwd/bank_9_20_337_0.html,1
广东省,肇庆市,建设银行广东省肇庆端州支行,肇庆市端州六路13号,暂无,营业厅,https://bank.cngold.org/yhwd/bank_9_20_337_0.html,1
广东省,肇庆市,建设银行广东省肇庆黄岗分理处,肇庆市端州二路黄岗镇府东侧第六卡,暂无,营业厅,https://bank.cngold.org/yhwd/bank_9_20_337_0.html,1
广东省,肇庆市,建设银行广东省肇庆鼎湖支行,肇庆市鼎湖区坑口,暂无,营业厅,https://bank.cngold.org/yhwd/bank_9_20_337_0.html,1
广东省,肇庆市,建设银行广东省肇庆大旺支行,肇庆市大旺区曙光街8号建行大楼,暂无,营业厅,https://bank.cngold.org/yhwd/bank_9_20_337_0_2.html,2
广东省,肇庆市,建设银行广东省肇庆翠星分理处,肇庆市翠星路37号首层,暂无,营业厅,https://bank.cngold.org/yhwd/bank_9_20_337_0_2.html,2
广东省,肇庆市,建设银行广东省肇庆城中支行,肇庆市城中路77号,暂无,营业厅,https://bank.cngold.org/yhwd/bank_9_20_337_0_2.html,2
广东省,肇庆市,建设银行广东省肇庆西江支行,肇庆市百花园荷花苑第1幢商场101号,暂无,营业厅,https://bank.cngold.org/yhwd/bank_9_20_337_0_2.html,2
广东省,肇庆市,建设银行广东省肇庆四会建城分理处,四会市龙江路五座,暂无,营业厅,https://bank.cngold.org/yhwd/bank_9_20_337_0_2.html,2
广东省,肇庆市,建设银行广东省肇庆四会新风分理处,四会市东城区江丽路现代城A座商铺14-17号首层铺位,暂无,营业厅,https://bank.cngold.org/yhwd/bank_9_20_337_0_2.html,2
广东省,肇庆市,建设银行广东省肇庆四会支行,四会市城中路九座1号,暂无,营业厅,https://bank.cngold.org/yhwd/bank_9_20_337_0_2.html,2
广东省,肇庆市,建设银行广东省肇庆怀集支行,怀集县怀城镇解放中路1号,暂无,营业厅,https://bank.cngold.org/yhwd/bank_9_20_337_0_2.html,2
广东省,肇庆市,建设银行广东省肇庆广宁支行,广宁县南街镇环城西路52号,暂无,营业厅,https://bank.cngold.org/yhwd/bank_9_20_337_0_2.html,2
广东省,肇庆市,建设银行广东省肇庆高要支行,高要市南岸镇府前大街116号首层、二层,暂无,营业厅,https://bank.cngold.org/yhwd/bank_9_20_337_0_2.html,2
广东省,肇庆市,建设银行广东省肇庆封开支行,封开县江口镇大塘一路3号,暂无,营业厅,https://bank.cngold.org/yhwd/bank_9_20_337_0_2.html,2
广东省,肇庆市,建设银行广东省肇庆德庆支行,德庆县德城镇朝阳东路119号,暂无,营业厅,https://bank.cngold.org/yhwd/bank_9_20_337_0_2.html,2
广东省,惠州市,建设银行广东省龙门支行,龙门县龙城镇西林路42号,暂无,营业厅,https://bank.cngold.org/yhwd/bank_9_20_338_0.html,1
广东省,惠州市,建设银行广东省惠州仲恺支行,惠州市仲恺高新技术开发区乐金路8号,暂无,营业厅,https://bank.cngold.org/yhwd/bank_9_20_338_0.html,1
广东省,惠州市,建设银行广东省惠州中山西支行,惠州市中山西路31号,暂无,营业厅,https://bank.cngold.org/yhwd/bank_9_20_338_0.html,1
广东省,惠州市,建设银行广东省惠州市分行营业室,惠州市云山西路12号德赛大厦,暂无,营业厅,https://bank.cngold.org/yhwd/bank_9_20_338_0.html,1
广东省,惠州市,建设银行广东省惠州埔南支行,惠州市下埔南三街2号,暂无,营业厅,https://bank.cngold.org/yhwd/bank_9_20_338_0.html,1
广东省,惠州市,建设银行广东省惠州横江三路支行,惠州市下埔横江三路竹园花苑第4栋首层,暂无,营业厅,https://bank.cngold.org/yhwd/bank_9_20_338_0.html,1
广东省,惠州市,建设银行广东省惠州中堂分理处,惠州市下角中路667号金阁苑小区A栎一楼4--5号,暂无,营业厅,https://bank.cngold.org/yhwd/bank_9_20_338_0.html,1
广东省,惠州市,建设银行广东省惠州下角支行,惠州市下角中路20号,暂无,营业厅,https://bank.cngold.org/yhwd/bank_9_20_338_0.html,1
广东省,惠州市,建设银行广东省惠州丰湖分理处,惠州市西湖惠州大学内,暂无,营业厅,https://bank.cngold.org/yhwd/bank_9_20_338_0.html,1
广东省,惠州市,建设银行广东省惠州大湖溪支行,惠州市水口镇大湖溪湖溪大道(大湖溪派出所斜对面),暂无,营业厅,https://bank.cngold.org/yhwd/bank_9_20_338_0.html,1
广东省,惠州市,建设银行广东省惠州桥东支行,惠州市桥东路北一巷2号,暂无,营业厅,https://bank.cngold.org/yhwd/bank_9_20_338_0.html,1
广东省,惠州市,建设银行广东省惠州南坛支行,惠州市南坛南路2号,暂无,营业厅,https://bank.cngold.org/yhwd/bank_9_20_338_0.html,1
广东省,惠州市,建设银行广东省惠州南湖支行,惠州市南坛路口7号,暂无,营业厅,https://bank.cngold.org/yhwd/bank_9_20_338_0.html,1
广东省,惠州市,建设银行广东省惠州南坛东支行,惠州市南坛东二街7号,暂无,营业厅,https://bank.cngold.org/yhwd/bank_9_20_338_0.html,1
广东省,惠州市,建设银行广东省惠州水门路支行,惠州市南门大街4号,暂无,营业厅,https://bank.cngold.org/yhwd/bank_9_20_338_0.html,1
广东省,惠州市,建设银行广东省惠州麦兴路支行,惠州市麦地南路集圆大厦一楼,暂无,营业厅,https://bank.cngold.org/yhwd/bank_9_20_338_0_2.html,2
广东省,惠州市,建设银行广东省惠州下埔支行,惠州市麦地路70号,暂无,营业厅,https://bank.cngold.org/yhwd/bank_9_20_338_0_2.html,2
广东省,惠州市,建设银行广东省惠州麦地中支行,惠州市麦地路37号,暂无,营业厅,https://bank.cngold.org/yhwd/bank_9_20_338_0_2.html,2
广东省,惠州市,建设银行广东省惠州广场支行,惠州市麦岸路11号,暂无,营业厅,https://bank.cngold.org/yhwd/bank_9_20_338_0_2.html,2
广东省,惠州市,建设银行广东省惠州上排支行,惠州市龙丰路三号之5-7,暂无,营业厅,https://bank.cngold.org/yhwd/bank_9_20_338_0_2.html,2
广东省,惠州市,建设银行广东省惠州江城支行,惠州市江北云山东路2号,暂无,营业厅,https://bank.cngold.org/yhwd/bank_9_20_338_0_2.html,2
广东省,惠州市,建设银行广东省惠州文昌路分理处,惠州市江北11号小区江畔花园B1栋102号,暂无,营业厅,https://bank.cngold.org/yhwd/bank_9_20_338_0_2.html,2
广东省,惠州市,建设银行广东省惠州铁路支行,惠州市火车北站水电综合楼首层,暂无,营业厅,https://bank.cngold.org/yhwd/bank_9_20_338_0_2.html,2
广东省,惠州市,建设银行广东省惠州新圩支行,惠州市惠阳区新圩镇镇府办公楼侧,暂无,营业厅,https://bank.cngold.org/yhwd/bank_9_20_338_0_2.html,2
广东省,惠州市,建设银行广东省惠州联想分理处,惠州市惠阳区三和开发试验区二环路惠阳区劳动和社会保障局三和分局办公楼首楼,暂无,营业厅,https://bank.cngold.org/yhwd/bank_9_20_338_0_2.html,2
广东省,惠州市,建设银行广东省惠州人民路支行,惠州市惠阳区淡水镇人民五路97号,暂无,营业厅,https://bank.cngold.org/yhwd/bank_9_20_338_0_2.html,2
广东省,惠州市,建设银行广东省惠州石坑分理处,惠州市惠阳区淡水镇人民四路六十七号,暂无,营业厅,https://bank.cngold.org/yhwd/bank_9_20_338_0_2.html,2
广东省,惠州市,建设银行广东省惠州排坊支行,惠州市惠阳区淡水镇人民四路1号排坊生隆大厦一楼,暂无,营业厅,https://bank.cngold.org/yhwd/bank_9_20_338_0_2.html,2
广东省,惠州市,建设银行广东省惠州惠阳支行,惠州市惠阳区淡水镇南门大街,暂无,营业厅,https://bank.cngold.org/yhwd/bank_9_20_338_0_2.html,2
广东省,惠州市,建设银行广东省惠州寮湖支行,惠州市惠阳区淡水镇南湖北路2号,暂无,营业厅,https://bank.cngold.org/yhwd/bank_9_20_338_0_2.html,2
广东省,惠州市,建设银行广东省惠州开城支行,惠州市惠阳区淡水镇开城大道中路（富丽楼首层）,暂无,营业厅,https://bank.cngold.org/yhwd/bank_9_20_338_0_3.html,3
广东省,惠州市,建设银行广东省惠州淡澳大道支行,惠州市惠阳区淡水镇开城大道长兴街京粤楼首层左侧,暂无,营业厅,https://bank.cngold.org/yhwd/bank_9_20_338_0_3.html,3
广东省,惠州市,建设银行广东省惠州淡水支行,惠州市惠阳区淡水镇开城大道54号,暂无,营业厅,https://bank.cngold.org/yhwd/bank_9_20_338_0_3.html,3
广东省,惠州市,建设银行广东省惠州惠城支行,惠州市惠沙堤15号滨江花园B座堤下一层3-12号,暂无,营业厅,https://bank.cngold.org/yhwd/bank_9_20_338_0_3.html,3
广东省,惠州市,建设银行广东省惠州演达路分理处,惠州市惠城区演达一路石湖苑一号楼首层10号,暂无,营业厅,https://bank.cngold.org/yhwd/bank_9_20_338_0_3.html,3
广东省,惠州市,建设银行广东省惠州小金分理处,惠州市惠城区小金口镇柏岗村头路口,暂无,营业厅,https://bank.cngold.org/yhwd/bank_9_20_338_0_3.html,3
广东省,惠州市,建设银行广东省惠州埔东支行,惠州市惠城区下埔路5号（下埔大厦）之七,暂无,营业厅,https://bank.cngold.org/yhwd/bank_9_20_338_0_3.html,3
广东省,惠州市,建设银行广东省惠州园通桥支行,惠州市惠城区鹅岭北路41号,暂无,营业厅,https://bank.cngold.org/yhwd/bank_9_20_338_0_3.html,3
广东省,惠州市,建设银行广东省惠州碧水湾分理处,惠州市横江二路4号,暂无,营业厅,https://bank.cngold.org/yhwd/bank_9_20_338_0_3.html,3
广东省,惠州市,建设银行广东省惠州银岗分理处,惠州市河南岸银岭路43号商铺,暂无,营业厅,https://bank.cngold.org/yhwd/bank_9_20_338_0_3.html,3
广东省,惠州市,建设银行广东省惠州江南分理处,惠州市河南岸新岸路星湖苑一楼,暂无,营业厅,https://bank.cngold.org/yhwd/bank_9_20_338_0_3.html,3
广东省,惠州市,建设银行广东省惠州河南岸支行,惠州市河南岸南岸路107号,暂无,营业厅,https://bank.cngold.org/yhwd/bank_9_20_338_0_3.html,3
广东省,惠州市,建设银行广东省惠州海关支行,惠州市海关办公大楼三楼,暂无,营业厅,https://bank.cngold.org/yhwd/bank_9_20_338_0_3.html,3
广东省,惠州市,建设银行广东省惠州龙峰支行,惠州市鹅岭南路13号,暂无,营业厅,https://bank.cngold.org/yhwd/bank_9_20_338_0_3.html,3
广东省,惠州市,建设银行广东省惠州金迪分理处,惠州市鹅岭南路110号金迪星苑金涛阁101号,暂无,营业厅,https://bank.cngold.org/yhwd/bank_9_20_338_0_3.html,3
广东省,惠州市,建设银行广东省惠州鹅岭支行,惠州市鹅岭北路12号,暂无,营业厅,https://bank.cngold.org/yhwd/bank_9_20_338_0_4.html,4
广东省,惠州市,建设银行广东省惠州荷兰水乡分理处,惠州市东平半岛12号小区光耀荷兰水乡综合楼一楼,暂无,营业厅,https://bank.cngold.org/yhwd/bank_9_20_338_0_4.html,4
广东省,惠州市,建设银行广东省惠州东湖支行,惠州市东湖花园四号小区403幢3号,暂无,营业厅,https://bank.cngold.org/yhwd/bank_9_20_338_0_4.html,4
广东省,惠州市,建设银行广东省惠州大亚湾支行,惠州市大亚湾澳头镇新澳大道16号,暂无,营业厅,https://bank.cngold.org/yhwd/bank_9_20_338_0_4.html,4
广东省,惠州市,建设银行广东省惠州澳头支行,惠州市大亚湾澳头镇进港东路3号,暂无,营业厅,https://bank.cngold.org/yhwd/bank_9_20_338_0_4.html,4
广东省,惠州市,建设银行广东省惠州进港路支行,惠州市大亚湾澳头镇安惠大道70号,暂无,营业厅,https://bank.cngold.org/yhwd/bank_9_20_338_0_4.html,4
广东省,惠州市,建设银行广东省惠州江北支行,惠州市城市大道中中银先科国际大厦首层,暂无,营业厅,https://bank.cngold.org/yhwd/bank_9_20_338_0_4.html,4
广东省,惠州市,建设银行广东省惠州陈江支行,惠州市陈江镇曙光路5号,暂无,营业厅,https://bank.cngold.org/yhwd/bank_9_20_338_0_4.html,4
广东省,惠州市,建设银行广东省惠州麦地支行,惠州麦地路32号,暂无,营业厅,https://bank.cngold.org/yhwd/bank_9_20_338_0_4.html,4
广东省,惠州市,建设银行广东省惠州城南分理处,惠州河南岸9号小区教师村一层A1卡商铺,暂无,营业厅,https://bank.cngold.org/yhwd/bank_9_20_338_0_4.html,4
广东省,惠州市,建设银行广东省惠州上杨分理处,惠州大亚湾西区熊猫碧富新城一期第11、12号,暂无,营业厅,https://bank.cngold.org/yhwd/bank_9_20_338_0_4.html,4
广东省,惠州市,建设银行广东省惠州惠东城中分理处,惠东县平山镇新平路2号,暂无,营业厅,https://bank.cngold.org/yhwd/bank_9_20_338_0_4.html,4
广东省,惠州市,建设银行广东省惠州惠东南湖分理处,惠东县平山镇新平路183号,暂无,营业厅,https://bank.cngold.org/yhwd/bank_9_20_338_0_4.html,4
广东省,惠州市,建设银行广东省惠东支行,惠东县平山镇解放中路238号,暂无,营业厅,https://bank.cngold.org/yhwd/bank_9_20_338_0_4.html,4
广东省,惠州市,建设银行广东省惠州惠东城东分理处,惠东县平山镇广汕路100号,暂无,营业厅,https://bank.cngold.org/yhwd/bank_9_20_338_0_4.html,4
广东省,惠州市,建设银行广东省惠州惠东吉隆分理处,惠东县吉隆镇广汕路157号,暂无,营业厅,https://bank.cngold.org/yhwd/bank_9_20_338_0_5.html,5
广东省,惠州市,建设银行广东省惠州惠东大岭分理处,惠东县大岭镇贸易中心市场一楼,暂无,营业厅,https://bank.cngold.org/yhwd/bank_9_20_338_0_5.html,5
广东省,惠州市,建设银行广东省惠州惠东白花分理处,惠东县白花镇新中街5号,暂无,营业厅,https://bank.cngold.org/yhwd/bank_9_20_338_0_5.html,5
广东省,惠州市,建设银行广东省惠州博罗石湾分理处,博罗县石湾镇石湾中路70号,暂无,营业厅,https://bank.cngold.org/yhwd/bank_9_20_338_0_5.html,5
广东省,惠州市,建设银行广东省博罗支行,博罗县罗阳镇罗阳一路170号,暂无,营业厅,https://bank.cngold.org/yhwd/bank_9_20_338_0_5.html,5
广东省,惠州市,建设银行广东省惠州博罗义和分理处,博罗县罗阳镇博义路北184号,暂无,营业厅,https://bank.cngold.org/yhwd/bank_9_20_338_0_5.html,5
广东省,惠州市,建设银行广东省惠州博罗城北分理处,博罗县罗阳镇博义路1号,暂无,营业厅,https://bank.cngold.org/yhwd/bank_9_20_338_0_5.html,5
广东省,惠州市,建设银行广东省惠州博罗北门路分理处,博罗县罗阳镇北门路51号,暂无,营业厅,https://bank.cngold.org/yhwd/bank_9_20_338_0_5.html,5
广东省,惠州市,建设银行广东省惠州博罗城东分理处,博罗县城商业大街国土局办公大楼东面(从西至东2-3),暂无,营业厅,https://bank.cngold.org/yhwd/bank_9_20_338_0_5.html,5
广东省,惠州市,建设银行广东省惠州博罗长宁分理处,博罗县长宁镇罗浮路163号,暂无,营业厅,https://bank.cngold.org/yhwd/bank_9_20_338_0_5.html,5
广东省,梅州市,建设银行广东省梅州兴宁兴华街分理处,兴宁市兴城镇兴华路前段,暂无,营业厅,https://bank.cngold.org/yhwd/bank_9_20_339_0.html,1
广东省,梅州市,建设银行广东省梅州兴宁城区分理处,兴宁市兴城镇兴东路中段,暂无,营业厅,https://bank.cngold.org/yhwd/bank_9_20_339_0.html,1
广东省,梅州市,建设银行广东省梅州兴宁灌水塘分理处,兴宁市兴城镇新兴大道富兴市场底层113-114号,暂无,营业厅,https://bank.cngold.org/yhwd/bank_9_20_339_0.html,1
广东省,梅州市,建设银行广东省梅州兴宁曙光分理处,兴宁市兴城镇曙光路中段,暂无,营业厅,https://bank.cngold.org/yhwd/bank_9_20_339_0.html,1
广东省,梅州市,建设银行广东省兴宁支行,兴宁市环城北路街心花园,暂无,营业厅,https://bank.cngold.org/yhwd/bank_9_20_339_0.html,1
广东省,梅州市,建设银行广东省五华支行,五华县水寨镇华兴中路43号,暂无,营业厅,https://bank.cngold.org/yhwd/bank_9_20_339_0.html,1
广东省,梅州市,建设银行广东省梅州五华车站分理处,五华县水寨镇华兴南路10号,暂无,营业厅,https://bank.cngold.org/yhwd/bank_9_20_339_0.html,1
广东省,梅州市,建设银行广东省梅州平远支行,平远县平城中路78号,暂无,营业厅,https://bank.cngold.org/yhwd/bank_9_20_339_0.html,1
广东省,梅州市,建设银行广东省梅州仲元支行,梅州市义化路时代商城4栋11至13号1-2层,暂无,营业厅,https://bank.cngold.org/yhwd/bank_9_20_339_0.html,1
广东省,梅州市,建设银行广东省梅州城东支行,梅州市梅松路嘉应学院成教楼首层,暂无,营业厅,https://bank.cngold.org/yhwd/bank_9_20_339_0.html,1
广东省,梅州市,建设银行广东省梅州城区支行,梅州市梅松路21号,暂无,营业厅,https://bank.cngold.org/yhwd/bank_9_20_339_0.html,1
广东省,梅州市,建设银行广东省梅州嘉应支行,梅州市梅江三路138号,暂无,营业厅,https://bank.cngold.org/yhwd/bank_9_20_339_0.html,1
广东省,梅州市,建设银行广东省梅州百花洲支行,梅州市梅江二路房地产大厦第一层东南面及第二层,暂无,营业厅,https://bank.cngold.org/yhwd/bank_9_20_339_0.html,1
广东省,梅州市,建设银行广东省梅州城区分理处,梅州市丽都西路北侧君豪楼１－２号复式,暂无,营业厅,https://bank.cngold.org/yhwd/bank_9_20_339_0.html,1
广东省,梅州市,建设银行广东省梅州凌风西路分理处,梅州市金利来大街中段,暂无,营业厅,https://bank.cngold.org/yhwd/bank_9_20_339_0.html,1
广东省,梅州市,建设银行广东省梅州南区支行,梅州市江南梅江一路顺梅商业街C1栋C1号商住楼1-3层,暂无,营业厅,https://bank.cngold.org/yhwd/bank_9_20_339_0_2.html,2
广东省,梅州市,建设银行广东省梅州市分行营业室,梅州市江南路56号,暂无,营业厅,https://bank.cngold.org/yhwd/bank_9_20_339_0_2.html,2
广东省,梅州市,建设银行广东省梅州西桥支行,梅州市嘉应西路前段,暂无,营业厅,https://bank.cngold.org/yhwd/bank_9_20_339_0_2.html,2
广东省,梅州市,建设银行广东省梅州城南支行,梅州市嘉应东路36号,暂无,营业厅,https://bank.cngold.org/yhwd/bank_9_20_339_0_2.html,2
广东省,梅州市,建设银行广东省梅州西郊分理处,梅州市广梅路,暂无,营业厅,https://bank.cngold.org/yhwd/bank_9_20_339_0_2.html,2
广东省,梅州市,建设银行广东省梅州侨新支行,梅州市公园路14号,暂无,营业厅,https://bank.cngold.org/yhwd/bank_9_20_339_0_2.html,2
广东省,梅州市,建设银行广东省梅州城西支行,梅州市城西大道42号,暂无,营业厅,https://bank.cngold.org/yhwd/bank_9_20_339_0_2.html,2
广东省,梅州市,建设银行广东省梅州梅园支行,梅州市彬芳大道梅园新村MA13栋121号,暂无,营业厅,https://bank.cngold.org/yhwd/bank_9_20_339_0_2.html,2
广东省,梅州市,建设银行广东省梅州彬都支行,梅州市彬芳大道鸿都世纪广场首层51-53号,暂无,营业厅,https://bank.cngold.org/yhwd/bank_9_20_339_0_2.html,2
广东省,梅州市,建设银行广东省梅州鸿都支行,梅州市彬芳大道鸿都花园鸿运路D6栋4-5号,暂无,营业厅,https://bank.cngold.org/yhwd/bank_9_20_339_0_2.html,2
广东省,梅州市,建设银行广东省梅州扶贵支行,梅县华侨城中央大道西三区2号“长和居”首层,暂无,营业厅,https://bank.cngold.org/yhwd/bank_9_20_339_0_2.html,2
广东省,梅州市,建设银行广东省梅州华侨城支行,梅县华侨城宪梓大道富贵花园1号,暂无,营业厅,https://bank.cngold.org/yhwd/bank_9_20_339_0_2.html,2
广东省,梅州市,建设银行广东省梅州槐岗支行,梅县程江镇槐岗管理区,暂无,营业厅,https://bank.cngold.org/yhwd/bank_9_20_339_0_2.html,2
广东省,梅州市,建设银行广东省梅州梅县支行,梅县程江新县城宪梓西路天秀新苑A26栋3-9号店铺,暂无,营业厅,https://bank.cngold.org/yhwd/bank_9_20_339_0_2.html,2
广东省,梅州市,建设银行广东省蕉岭支行,蕉岭县蕉城镇新东路29号,暂无,营业厅,https://bank.cngold.org/yhwd/bank_9_20_339_0_2.html,2
广东省,梅州市,建设银行广东省梅州蕉岭谢陂分理处,蕉岭县蕉城镇南门路19-4号,暂无,营业厅,https://bank.cngold.org/yhwd/bank_9_20_339_0_3.html,3
广东省,梅州市,建设银行广东省梅州丰顺支行,丰顺县汤坑镇汤坑路148号,暂无,营业厅,https://bank.cngold.org/yhwd/bank_9_20_339_0_3.html,3
广东省,梅州市,建设银行广东省大埔支行,大埔县湖寮镇万川路72号,暂无,营业厅,https://bank.cngold.org/yhwd/bank_9_20_339_0_3.html,3
广东省,汕尾市,建设银行广东省汕尾港尾凤山储蓄所,汕尾市区滨海金湖花园J型1号,暂无,营业厅,https://bank.cngold.org/yhwd/bank_9_20_340_0.html,1
广东省,汕尾市,建设银行广东省汕尾新港支行,汕尾市区文明南路109号,暂无,营业厅,https://bank.cngold.org/yhwd/bank_9_20_340_0.html,1
广东省,汕尾市,建设银行广东省汕尾港口分理处,汕尾市区通航路中段75-77号,暂无,营业厅,https://bank.cngold.org/yhwd/bank_9_20_340_0.html,1
广东省,汕尾市,建设银行广东省汕尾文明支行,汕尾市区四马路西段南侧,暂无,营业厅,https://bank.cngold.org/yhwd/bank_9_20_340_0.html,1
广东省,汕尾市,建设银行广东省汕尾城区支行,汕尾市区汕尾大道龙泉大厦西侧（A座）第一、二层,暂无,营业厅,https://bank.cngold.org/yhwd/bank_9_20_340_0.html,1
广东省,汕尾市,建设银行广东省汕尾市分行营业室,汕尾市区大马路151号建设实业大厦,暂无,营业厅,https://bank.cngold.org/yhwd/bank_9_20_340_0.html,1
广东省,汕尾市,建设银行广东省汕尾城西分理处,汕尾市海丰县海城镇云岭西中路18号,暂无,营业厅,https://bank.cngold.org/yhwd/bank_9_20_340_0.html,1
广东省,汕尾市,建设银行广东省汕尾海丰支行,汕尾市海丰县海城镇新会营11号,暂无,营业厅,https://bank.cngold.org/yhwd/bank_9_20_340_0.html,1
广东省,汕尾市,建设银行广东省汕尾附城分理处,汕尾市海丰县附城镇步霞海丽花园B-1栋门市5号,暂无,营业厅,https://bank.cngold.org/yhwd/bank_9_20_340_0.html,1
广东省,汕尾市,建设银行广东省汕尾陆丰支行,汕尾陆丰市东海镇人民路32号,暂无,营业厅,https://bank.cngold.org/yhwd/bank_9_20_340_0.html,1
广东省,汕尾市,建设银行广东省汕尾陆河分理处,陆河县人民路,暂无,营业厅,https://bank.cngold.org/yhwd/bank_9_20_340_0.html,1
广东省,河源市,建设银行广东省河源紫金支行,紫金县城秋江东路41号,暂无,营业厅,https://bank.cngold.org/yhwd/bank_9_20_341_0.html,1
广东省,河源市,建设银行广东省河源龙川新城分理处,龙川老隆镇新城区,暂无,营业厅,https://bank.cngold.org/yhwd/bank_9_20_341_0.html,1
广东省,河源市,建设银行广东省河源龙川支行,龙川老隆镇人民路128号,暂无,营业厅,https://bank.cngold.org/yhwd/bank_9_20_341_0.html,1
广东省,河源市,建设银行广东省河源龙川大桥分理处,龙川老隆镇长安路40号,暂无,营业厅,https://bank.cngold.org/yhwd/bank_9_20_341_0.html,1
广东省,河源市,建设银行广东省河源连平支行,连平县东园大道国税局附属楼,暂无,营业厅,https://bank.cngold.org/yhwd/bank_9_20_341_0.html,1
广东省,河源市,建设银行广东省河源新建分理处,河源中山大道恒信花园2-102,暂无,营业厅,https://bank.cngold.org/yhwd/bank_9_20_341_0.html,1
广东省,河源市,建设银行广东省河源源城支行,河源市源城区公园西路28号,暂无,营业厅,https://bank.cngold.org/yhwd/bank_9_20_341_0.html,1
广东省,河源市,建设银行广东省河源电视塔分理处,河源市源城区公园路18号,暂无,营业厅,https://bank.cngold.org/yhwd/bank_9_20_341_0.html,1
广东省,河源市,建设银行广东省河源市分行,河源市沿江路,暂无,营业厅,https://bank.cngold.org/yhwd/bank_9_20_341_0.html,1
广东省,河源市,建设银行广东省河源新市分理处,河源市新市区兴源路12号,暂无,营业厅,https://bank.cngold.org/yhwd/bank_9_20_341_0.html,1
广东省,河源市,建设银行广东省河源红星路分理处,河源市红星路118号首层,暂无,营业厅,https://bank.cngold.org/yhwd/bank_9_20_341_0.html,1
广东省,河源市,建设银行广东省河源东源分理处,河源市河源大道北92号,暂无,营业厅,https://bank.cngold.org/yhwd/bank_9_20_341_0.html,1
广东省,河源市,建设银行广东省河源排头分理处,河源市高新区科八路富民工业园A区B栋首层第10卡,暂无,营业厅,https://bank.cngold.org/yhwd/bank_9_20_341_0.html,1
广东省,河源市,建设银行广东省河源和平支行,和平县城阳明镇河唇路2号,暂无,营业厅,https://bank.cngold.org/yhwd/bank_9_20_341_0.html,1
广东省,阳江市,建设银行广东省阳西支行,阳西县城广场路13号,暂无,营业厅,https://bank.cngold.org/yhwd/bank_9_20_342_0.html,1
广东省,阳江市,建设银行广东省阳江中区分理处,阳江市市区新华北路1号,暂无,营业厅,https://bank.cngold.org/yhwd/bank_9_20_342_0.html,1
广东省,阳江市,建设银行广东省阳江万福支行,阳江市市区万福路九号,暂无,营业厅,https://bank.cngold.org/yhwd/bank_9_20_342_0.html,1
广东省,阳江市,建设银行广东省阳江石湾南支行,阳江市市区平湾路1号,暂无,营业厅,https://bank.cngold.org/yhwd/bank_9_20_342_0.html,1
广东省,阳江市,建设银行广东省阳江红坎分理处,阳江市市区农科路三十一号之二、三、四,暂无,营业厅,https://bank.cngold.org/yhwd/bank_9_20_342_0.html,1
广东省,阳江市,建设银行广东省阳江市分行营业室,阳江市市区漠江路743号,暂无,营业厅,https://bank.cngold.org/yhwd/bank_9_20_342_0.html,1
广东省,阳江市,建设银行广东省阳江漠江东分理处,阳江市市区漠江路110号,暂无,营业厅,https://bank.cngold.org/yhwd/bank_9_20_342_0.html,1
广东省,阳江市,建设银行广东省阳江东区支行,阳江市市区二环路10号之四、五,暂无,营业厅,https://bank.cngold.org/yhwd/bank_9_20_342_0.html,1
广东省,阳江市,建设银行广东省阳江东风分理处,阳江市市区东风一路50号,暂无,营业厅,https://bank.cngold.org/yhwd/bank_9_20_342_0.html,1
广东省,阳江市,建设银行广东省阳江江城支行,阳江市市区东风一路1号,暂无,营业厅,https://bank.cngold.org/yhwd/bank_9_20_342_0.html,1
广东省,阳江市,建设银行广东省阳江东城支行,阳江市市区东风四路144号,暂无,营业厅,https://bank.cngold.org/yhwd/bank_9_20_342_0.html,1
广东省,阳江市,建设银行广东省阳江西平分理处,阳江市江城区西平路63号（江南雅居）106、107、108号,暂无,营业厅,https://bank.cngold.org/yhwd/bank_9_20_342_0.html,1
广东省,阳江市,建设银行广东省阳江侨乐分理处,阳江市江城区石湾北路137号交通局大楼首层,暂无,营业厅,https://bank.cngold.org/yhwd/bank_9_20_342_0.html,1
广东省,阳江市,建设银行广东省阳江东风三路分理处,阳江市江城区东风三路13号富康居5号铺、6号铺,暂无,营业厅,https://bank.cngold.org/yhwd/bank_9_20_342_0.html,1
广东省,阳江市,建设银行广东省阳江马南垌分理处,阳江市江城区北环路71号、71号之二,暂无,营业厅,https://bank.cngold.org/yhwd/bank_9_20_342_0.html,1
广东省,阳江市,建设银行广东省阳江海陵支行,阳江市海陵区闸坡镇教育路2号,暂无,营业厅,https://bank.cngold.org/yhwd/bank_9_20_342_0_2.html,2
广东省,阳江市,建设银行广东省阳江合山分理处,阳东县合山镇文明路一号,暂无,营业厅,https://bank.cngold.org/yhwd/bank_9_20_342_0_2.html,2
广东省,阳江市,建设银行广东省阳春漠江分理处,阳春市春城镇东湖西路30号,暂无,营业厅,https://bank.cngold.org/yhwd/bank_9_20_342_0_2.html,2
广东省,阳江市,建设银行广东省阳春垌心分理处,阳春市春城镇城东大道251、253号,暂无,营业厅,https://bank.cngold.org/yhwd/bank_9_20_342_0_2.html,2
广东省,阳江市,建设银行广东省阳春支行（本部）,阳春市春城镇朝南中路,暂无,营业厅,https://bank.cngold.org/yhwd/bank_9_20_342_0_2.html,2
广东省,清远市,建设银行广东省阳山支行,阳山县城松荣路1号,暂无,营业厅,https://bank.cngold.org/yhwd/bank_9_20_343_0.html,1
广东省,清远市,建设银行广东省阳山建业分理处,阳山县城南大道247号一楼7--10号商铺,暂无,营业厅,https://bank.cngold.org/yhwd/bank_9_20_343_0.html,1
广东省,清远市,建设银行广东省阳山文塔分理处,清远市阳山县阳城镇文塔路250号首层东起第1－6卡,暂无,营业厅,https://bank.cngold.org/yhwd/bank_9_20_343_0.html,1
广东省,清远市,建设银行广东省清远银泉路支行,清远市新城银泉南路五号飞来苑D幢首层,暂无,营业厅,https://bank.cngold.org/yhwd/bank_9_20_343_0.html,1
广东省,清远市,建设银行广东省清远凤鸣分理处,清远市新城东七号区沙基村综合楼首层104之二至106号,暂无,营业厅,https://bank.cngold.org/yhwd/bank_9_20_343_0.html,1
广东省,清远市,建设银行广东省清远曙光路支行,清远市曙光二路11号,暂无,营业厅,https://bank.cngold.org/yhwd/bank_9_20_343_0.html,1
广东省,清远市,建设银行广东省清远中心分理处,清远市上廓北江金廓小区一座1-5号铺,暂无,营业厅,https://bank.cngold.org/yhwd/bank_9_20_343_0.html,1
广东省,清远市,建设银行广东省清远署前支行,清远市人民二路十七号104,暂无,营业厅,https://bank.cngold.org/yhwd/bank_9_20_343_0.html,1
广东省,清远市,建设银行广东省清远升平支行,清远市人民二路18号市政府大院内,暂无,营业厅,https://bank.cngold.org/yhwd/bank_9_20_343_0.html,1
广东省,清远市,建设银行广东省清新支行,清远市清新县太和镇清和大道48号,暂无,营业厅,https://bank.cngold.org/yhwd/bank_9_20_343_0.html,1
广东省,清远市,建设银行广东省清远环城路分理处,清远市清城区北门街富利花园14座14卡-19卡,暂无,营业厅,https://bank.cngold.org/yhwd/bank_9_20_343_0.html,1
广东省,清远市,建设银行广东省清远第二支行,清远市鹿鸣路8号水利局首层,暂无,营业厅,https://bank.cngold.org/yhwd/bank_9_20_343_0.html,1
广东省,清远市,建设银行广东省清远市分行营业部,清远市连江路一号,暂无,营业厅,https://bank.cngold.org/yhwd/bank_9_20_343_0.html,1
广东省,清远市,建设银行广东省清远开发区分理处,清远市开发区三号区,暂无,营业厅,https://bank.cngold.org/yhwd/bank_9_20_343_0.html,1
广东省,清远市,建设银行广东省佛冈支行,清远市佛冈县生产街26号,暂无,营业厅,https://bank.cngold.org/yhwd/bank_9_20_343_0.html,1
广东省,清远市,建设银行广东省清新建新分理处,清新县太和镇滨江路33号,暂无,营业厅,https://bank.cngold.org/yhwd/bank_9_20_343_0_2.html,2
广东省,清远市,建设银行广东省清远天湖支行,清城区先锋街31号,暂无,营业厅,https://bank.cngold.org/yhwd/bank_9_20_343_0_2.html,2
广东省,清远市,建设银行广东省连州建北分理处,连州市番禺路52号,暂无,营业厅,https://bank.cngold.org/yhwd/bank_9_20_343_0_2.html,2
广东省,清远市,建设银行广东省连州东门分理处,连州市东门路24号,暂无,营业厅,https://bank.cngold.org/yhwd/bank_9_20_343_0_2.html,2
广东省,清远市,建设银行广东省连山支行,连山县城沿江东路13号,暂无,营业厅,https://bank.cngold.org/yhwd/bank_9_20_343_0_2.html,2
广东省,清远市,建设银行广东省连南支行,连南瑶族自治县三江镇民族二路八号,暂无,营业厅,https://bank.cngold.org/yhwd/bank_9_20_343_0_2.html,2
广东省,清远市,建设银行广东省英德英城分理处,广东省英德市英州大道东利民路南一幢3-5号,暂无,营业厅,https://bank.cngold.org/yhwd/bank_9_20_343_0_2.html,2
广东省,清远市,建设银行广东省英德支行,广东省英德市利民路11号,暂无,营业厅,https://bank.cngold.org/yhwd/bank_9_20_343_0_2.html,2
广东省,清远市,建设银行广东省英德富强路分理处,广东省英德市富强路3号,暂无,营业厅,https://bank.cngold.org/yhwd/bank_9_20_343_0_2.html,2
广东省,清远市,建设银行广东省清远小市支行,广东省清远市小市南步路10号,暂无,营业厅,https://bank.cngold.org/yhwd/bank_9_20_343_0_2.html,2
广东省,清远市,建设银行广东省清远第一支行,广东省清远市清城朝阳里朝阳花苑十九座首层第10卡,暂无,营业厅,https://bank.cngold.org/yhwd/bank_9_20_343_0_2.html,2
广东省,清远市,建设银行广东省连州支行,广东省连州市慧光路106号,暂无,营业厅,https://bank.cngold.org/yhwd/bank_9_20_343_0_2.html,2
广东省,清远市,建设银行广东省佛冈环城路分理处,佛冈县石角镇振兴中路20、22、24、26号,暂无,营业厅,https://bank.cngold.org/yhwd/bank_9_20_343_0_2.html,2
广东省,清远市,建设银行广东省清远飞霞分理处,飞来峡管理局省水利二局大楼首层,暂无,营业厅,https://bank.cngold.org/yhwd/bank_9_20_343_0_2.html,2
广东省,潮州市,建设银行广东省潮州三百门支行,饶平县柘林镇进港路2号首层,暂无,营业厅,https://bank.cngold.org/yhwd/bank_9_20_344_0.html,1
广东省,潮州市,建设银行广东省潮州饶平新港分理处,饶平县黄岗镇南华路县财政局培训楼一层1-4号,暂无,营业厅,https://bank.cngold.org/yhwd/bank_9_20_344_0.html,1
广东省,潮州市,建设银行广东省潮州饶平支行,饶平县黄冈镇沿河北路36号,暂无,营业厅,https://bank.cngold.org/yhwd/bank_9_20_344_0.html,1
广东省,潮州市,建设银行广东省潮州市分行,潮州市新洋路3号银都花园,暂无,营业厅,https://bank.cngold.org/yhwd/bank_9_20_344_0.html,1
广东省,潮州市,建设银行广东省潮州凤城支行,潮州市新桥西路189号,暂无,营业厅,https://bank.cngold.org/yhwd/bank_9_20_344_0.html,1
广东省,潮州市,建设银行广东省潮州新桥东路分理处,潮州市新桥东路北侧临街116、118、120号铺面,暂无,营业厅,https://bank.cngold.org/yhwd/bank_9_20_344_0.html,1
广东省,潮州市,建设银行广东省潮州西城分理处,潮州市西河路12号,暂无,营业厅,https://bank.cngold.org/yhwd/bank_9_20_344_0.html,1
广东省,潮州市,建设银行广东省潮州厦利分理处,潮州市奎元B区中街2号,暂无,营业厅,https://bank.cngold.org/yhwd/bank_9_20_344_0.html,1
广东省,潮州市,建设银行广东省潮州西湖支行,潮州市环城西路101号,暂无,营业厅,https://bank.cngold.org/yhwd/bank_9_20_344_0.html,1
广东省,潮州市,建设银行广东省潮州南桥分理处,潮州市环城路67号15、16、33号铺面,暂无,营业厅,https://bank.cngold.org/yhwd/bank_9_20_344_0.html,1
广东省,潮州市,建设银行广东省潮州枫溪外马路分理处,潮州市枫溪区外马路1号,暂无,营业厅,https://bank.cngold.org/yhwd/bank_9_20_344_0.html,1
广东省,潮州市,建设银行广东省潮州枫溪支行,潮州市枫溪安揭路40号枫二新村综合楼,暂无,营业厅,https://bank.cngold.org/yhwd/bank_9_20_344_0.html,1
广东省,潮州市,建设银行广东省潮州湘桥支行,潮州市城新西路97号,暂无,营业厅,https://bank.cngold.org/yhwd/bank_9_20_344_0.html,1
广东省,潮州市,建设银行广东省潮安支行,潮安县庵埠镇亨利北路食品市场旁,暂无,营业厅,https://bank.cngold.org/yhwd/bank_9_20_344_0.html,1
广东省,潮州市,建设银行广东省潮州潮安庵埠分理处,潮安县庵埠存化路良友商贸区一直街1号,暂无,营业厅,https://bank.cngold.org/yhwd/bank_9_20_344_0.html,1
广东省,潮州市,建设银行广东省潮州潮安彩塘分理处,潮安县彩塘镇彩里路头建行综合楼（一至二层）,暂无,营业厅,https://bank.cngold.org/yhwd/bank_9_20_344_0_2.html,2
广东省,揭阳市,建设银行广东省揭阳市分行营业部,榕城区进贤门大道西段北侧,暂无,营业厅,https://bank.cngold.org/yhwd/bank_9_20_345_0.html,1
广东省,揭阳市,建设银行广东省揭阳占陇分理处,普宁市占陇镇占杨广汕公路南侧办公楼1-2层,暂无,营业厅,https://bank.cngold.org/yhwd/bank_9_20_345_0.html,1
广东省,揭阳市,建设银行广东省揭阳城东分理处,普宁市流沙中华新城15幢6-12号,暂无,营业厅,https://bank.cngold.org/yhwd/bank_9_20_345_0.html,1
广东省,揭阳市,建设银行广东省揭阳城南分理处,普宁市流沙镇南平路南,暂无,营业厅,https://bank.cngold.org/yhwd/bank_9_20_345_0.html,1
广东省,揭阳市,建设银行广东省普宁支行,普宁市流沙镇南平路39-40幢,暂无,营业厅,https://bank.cngold.org/yhwd/bank_9_20_345_0.html,1
广东省,揭阳市,建设银行广东省揭阳城西分理处,普宁市流沙南平里151幢,暂无,营业厅,https://bank.cngold.org/yhwd/bank_9_20_345_0.html,1
广东省,揭阳市,建设银行广东省揭阳长春分理处,普宁市长春路中药材市场内,暂无,营业厅,https://bank.cngold.org/yhwd/bank_9_20_345_0.html,1
广东省,揭阳市,建设银行广东省揭阳新光分理处,普宁流沙新光路中段,暂无,营业厅,https://bank.cngold.org/yhwd/bank_9_20_345_0.html,1
广东省,揭阳市,建设银行广东省揭阳经济开发区支行,揭阳试验区渔湖镇前街,暂无,营业厅,https://bank.cngold.org/yhwd/bank_9_20_345_0.html,1
广东省,揭阳市,建设银行广东省揭阳榕湖分理处,揭阳市榕城区榕湖路中段,暂无,营业厅,https://bank.cngold.org/yhwd/bank_9_20_345_0.html,1
广东省,揭阳市,建设银行广东省揭阳仙桥分理处,揭阳市榕城区仙桥镇,暂无,营业厅,https://bank.cngold.org/yhwd/bank_9_20_345_0.html,1
广东省,揭阳市,建设银行广东省揭阳北建分理处,揭阳市榕城区东湖路金凤帝苑11号,暂无,营业厅,https://bank.cngold.org/yhwd/bank_9_20_345_0.html,1
广东省,揭阳市,建设银行广东省揭阳华诚支行,揭阳市区晓翠路南段西侧,暂无,营业厅,https://bank.cngold.org/yhwd/bank_9_20_345_0.html,1
广东省,揭阳市,建设银行广东省揭阳铁路分理处,揭阳市区仁义路南段,暂无,营业厅,https://bank.cngold.org/yhwd/bank_9_20_345_0.html,1
广东省,揭阳市,建设银行广东省揭阳马牙分理处,揭阳市区马牙路西侧榕北路口,暂无,营业厅,https://bank.cngold.org/yhwd/bank_9_20_345_0.html,1
广东省,揭阳市,建设银行广东省揭阳玉都分理处,揭阳市东山区磐东镇阳美村寨前,暂无,营业厅,https://bank.cngold.org/yhwd/bank_9_20_345_0_2.html,2
广东省,揭阳市,建设银行广东省揭阳东城支行,揭阳市东山区建阳路金叶花园A座4-9号,暂无,营业厅,https://bank.cngold.org/yhwd/bank_9_20_345_0_2.html,2
广东省,揭阳市,建设银行广东省揭阳沿江路分理处,揭阳市东山区华诚二期商住楼一楼,暂无,营业厅,https://bank.cngold.org/yhwd/bank_9_20_345_0_2.html,2
广东省,揭阳市,建设银行广东省揭阳棉湖分理处,揭西县棉湖镇岭顶兴华路南侧棉湖龙都宾馆右侧裙楼,暂无,营业厅,https://bank.cngold.org/yhwd/bank_9_20_345_0_2.html,2
广东省,揭阳市,建设银行广东省揭西支行,揭西县河婆镇霖都大道215号,暂无,营业厅,https://bank.cngold.org/yhwd/bank_9_20_345_0_2.html,2
广东省,揭阳市,建设银行广东省揭阳炮台分理处,揭东县炮台涵华路,暂无,营业厅,https://bank.cngold.org/yhwd/bank_9_20_345_0_2.html,2
广东省,揭阳市,建设银行广东省揭东支行,揭东县城金凤路一号里462号,暂无,营业厅,https://bank.cngold.org/yhwd/bank_9_20_345_0_2.html,2
广东省,揭阳市,建设银行广东省惠来支行,惠来县惠城镇南门东路1号,暂无,营业厅,https://bank.cngold.org/yhwd/bank_9_20_345_0_2.html,2
广东省,揭阳市,建设银行广东省揭阳榕城支行,广东揭阳榕城进贤门大道中段108号,暂无,营业厅,https://bank.cngold.org/yhwd/bank_9_20_345_0_2.html,2
广东省,云浮市,建设银行广东省云浮市分行营业部,云浮市兴云中路6号,暂无,营业厅,https://bank.cngold.org/yhwd/bank_9_20_346_0.html,1
广东省,云浮市,建设银行广东省云浮兴云西分理处,云浮市兴云西路6号,暂无,营业厅,https://bank.cngold.org/yhwd/bank_9_20_346_0.html,1
广东省,云浮市,建设银行广东省云浮裕兴分理处,云浮市兴云东路247号,暂无,营业厅,https://bank.cngold.org/yhwd/bank_9_20_346_0.html,1
广东省,云浮市,建设银行广东省云浮天平分理处,云浮市星岩一路34号,暂无,营业厅,https://bank.cngold.org/yhwd/bank_9_20_346_0.html,1
广东省,云浮市,建设银行广东省云浮城南分理处,云浮市华侨新村5号,暂无,营业厅,https://bank.cngold.org/yhwd/bank_9_20_346_0.html,1
广东省,云浮市,建设银行广东省云浮云硫分理处,云浮市高峰街星岩四路9号,暂无,营业厅,https://bank.cngold.org/yhwd/bank_9_20_346_0.html,1
广东省,云浮市,建设银行广东省郁南中山路分理处,郁南县都城镇中山路县府前门左侧,暂无,营业厅,https://bank.cngold.org/yhwd/bank_9_20_346_0.html,1
广东省,云浮市,建设银行广东省郁南支行营业室,郁南县都城镇新生东路86号右,暂无,营业厅,https://bank.cngold.org/yhwd/bank_9_20_346_0.html,1
广东省,云浮市,建设银行广东省新兴城南分理处,新兴县环城南路9号,暂无,营业厅,https://bank.cngold.org/yhwd/bank_9_20_346_0.html,1
广东省,云浮市,建设银行广东省新兴支行营业室,新兴县环城东路6号,暂无,营业厅,https://bank.cngold.org/yhwd/bank_9_20_346_0.html,1
广东省,云浮市,建设银行广东省新兴城北分理处,新兴县城北开发区永兴街,暂无,营业厅,https://bank.cngold.org/yhwd/bank_9_20_346_0.html,1
广东省,云浮市,建设银行广东省罗定支行,罗定市龙园路88号,暂无,营业厅,https://bank.cngold.org/yhwd/bank_9_20_346_0.html,1
